Count,Date,Time,Lat,Long,Speed,Altitude,GSR
0,25/5/2018,14:59:46,51.525772,-0.133281,6.8,0,542
1,25/5/2018,14:59:47,51.525787,-0.133282,4.06,0,544
2,25/5/2018,14:59:48,51.525791,-0.13329,2.94,0,546
3,25/5/2018,14:59:48,51.525791,-0.13329,2.94,63.9,549
4,25/5/2018,14:59:49,51.525803,-0.13328,4.17,63.9,546
5,25/5/2018,14:59:50,51.525829,-0.133245,4.56,63.9,551
6,25/5/2018,14:59:50,51.525829,-0.133245,4.56,66.8,553
7,25/5/2018,14:59:51,51.525848,-0.133232,4.15,66.8,550
8,25/5/2018,14:59:51,51.525848,-0.133232,4.15,58.6,549
9,25/5/2018,14:59:52,51.525856,-0.133216,2.2,58.6,547
10,25/5/2018,14:59:53,51.525867,-0.133206,2.72,58.6,550
11,25/5/2018,14:59:53,51.525867,-0.133206,2.72,56.6,550
12,25/5/2018,14:59:54,51.525875,-0.133199,2.8,56.6,549
13,25/5/2018,14:59:54,51.525875,-0.133199,2.8,56.5,550
14,25/5/2018,14:59:55,51.525875,-0.133184,2,56.5,549
15,25/5/2018,14:59:56,51.525867,-0.133176,1.98,56.5,547
16,25/5/2018,14:59:56,51.525867,-0.133176,1.98,62,548
17,25/5/2018,14:59:57,51.525898,-0.133127,4.46,62,547
18,25/5/2018,14:59:57,51.525898,-0.133127,4.46,61.2,549
19,25/5/2018,14:59:58,51.525909,-0.133099,3.69,61.2,548
20,25/5/2018,14:59:58,51.525909,-0.133099,3.69,63.3,550
21,25/5/2018,14:59:59,51.525913,-0.133084,2.67,63.3,548
22,25/5/2018,15:00:00,51.525909,-0.133058,5.56,63.3,550
23,25/5/2018,15:00:00,51.525909,-0.133058,5.56,60.6,552
24,25/5/2018,15:00:01,51.525902,-0.133036,4.37,60.6,548
25,25/5/2018,15:00:01,51.525902,-0.133036,4.37,62.4,550
26,25/5/2018,15:00:02,51.525898,-0.133015,4.89,62.4,549
27,25/5/2018,15:00:03,51.525913,-0.132984,4.17,62.4,550
28,25/5/2018,15:00:03,51.525913,-0.132984,4.17,62,551
29,25/5/2018,15:00:04,51.525928,-0.132953,3.54,62,547
30,25/5/2018,15:00:04,51.525928,-0.132953,3.54,62.5,549
31,25/5/2018,15:00:05,51.525932,-0.132922,3.33,62.5,546
32,25/5/2018,15:00:06,51.52594,-0.132886,3.61,62.5,548
33,25/5/2018,15:00:06,51.52594,-0.132886,3.61,61.9,550
34,25/5/2018,15:00:07,51.525967,-0.132818,5.06,61.9,548
35,25/5/2018,15:00:07,51.525967,-0.132818,5.06,62.3,550
36,25/5/2018,15:00:08,51.52597,-0.132793,5.78,62.3,547
37,25/5/2018,15:00:09,51.52597,-0.132765,5.54,62.3,548
38,25/5/2018,15:00:09,51.52597,-0.132765,5.54,63,548
39,25/5/2018,15:00:10,51.525982,-0.132717,6.7,63,548
40,25/5/2018,15:00:10,51.525982,-0.132717,6.7,68.2,550
41,25/5/2018,15:00:11,51.525986,-0.132694,5.89,68.2,549
42,25/5/2018,15:00:30,51.526257,-0.132414,2.22,68.2,552
43,25/5/2018,15:00:33,51.526249,-0.132314,1.87,68.2,552
44,25/5/2018,15:00:33,51.526249,-0.132314,1.87,60.9,553
45,25/5/2018,15:00:34,51.52618,-0.132292,1.52,60.9,551
46,25/5/2018,15:00:36,51.526154,-0.132264,3.82,60.9,552
47,25/5/2018,15:00:36,51.526154,-0.132264,3.82,62.5,553
48,25/5/2018,15:00:37,51.526142,-0.132267,2.91,62.5,552
49,25/5/2018,15:00:37,51.526142,-0.132267,2.91,64.5,554
50,25/5/2018,15:00:38,51.526146,-0.132261,2.8,64.5,550
51,25/5/2018,15:00:38,51.526146,-0.132261,2.8,65.7,551
52,25/5/2018,15:00:39,51.526146,-0.132254,2.59,65.7,550
53,25/5/2018,15:00:40,51.526157,-0.13225,5.5,65.7,550
54,25/5/2018,15:00:40,51.526157,-0.13225,5.5,64.2,551
55,25/5/2018,15:00:41,51.526127,-0.132275,6.59,64.2,549
56,25/5/2018,15:00:42,51.526142,-0.13227,2.2,64.2,551
57,25/5/2018,15:00:43,51.52615,-0.13226,4.89,64.2,552
58,25/5/2018,15:00:43,51.52615,-0.13226,4.89,65.9,552
59,25/5/2018,15:00:44,51.526154,-0.132257,1.69,65.9,550
60,25/5/2018,15:00:44,51.526154,-0.132257,1.69,65.7,551
61,25/5/2018,15:00:45,51.526165,-0.132242,4.7,65.7,549
62,25/5/2018,15:00:46,51.526173,-0.132236,1.5,65.7,550
63,25/5/2018,15:00:46,51.526173,-0.132236,1.5,65.3,552
64,25/5/2018,15:00:47,51.526173,-0.132236,0.41,65.3,552
65,25/5/2018,15:00:48,51.526176,-0.132222,4.61,65.3,553
66,25/5/2018,15:00:48,51.526176,-0.132222,4.61,65.5,553
67,25/5/2018,15:00:49,51.526176,-0.132217,6.87,65.5,550
68,25/5/2018,15:00:50,51.526192,-0.132182,11.56,65.5,550
69,25/5/2018,15:00:50,51.526192,-0.132182,11.56,65,551
70,25/5/2018,15:00:51,51.526184,-0.132182,0.91,65,549
71,25/5/2018,15:00:52,51.526176,-0.132188,2.46,65,550
72,25/5/2018,15:00:53,51.526169,-0.132192,0.67,65,550
73,25/5/2018,15:00:59,51.526154,-0.132184,2.44,65,554
74,25/5/2018,15:01:00,51.526146,-0.132195,5.37,65,553
75,25/5/2018,15:01:01,51.52615,-0.13217,1.35,65,554
76,25/5/2018,15:01:02,51.526165,-0.132132,4.82,65,555
77,25/5/2018,15:01:03,51.52618,-0.132095,5.22,65,553
78,25/5/2018,15:01:04,51.52623,-0.132003,2.74,65,553
79,25/5/2018,15:01:05,51.526237,-0.131987,1.85,65,554
80,25/5/2018,15:01:06,51.526245,-0.131967,6.87,65,555
81,25/5/2018,15:01:07,51.526272,-0.131918,7.26,65,554
82,25/5/2018,15:01:07,51.526272,-0.131918,7.26,65.7,556
83,25/5/2018,15:01:08,51.526348,-0.131775,5.02,65.7,553
84,25/5/2018,15:01:09,51.526375,-0.13173,5.28,65.7,556
85,25/5/2018,15:01:09,51.526375,-0.13173,5.28,66.4,558
86,25/5/2018,15:01:10,51.526382,-0.131704,6.04,66.4,555
87,25/5/2018,15:01:11,51.526402,-0.131667,4.22,66.4,556
88,25/5/2018,15:01:11,51.526402,-0.131667,4.22,66.2,556
89,25/5/2018,15:01:12,51.526417,-0.131609,7.13,66.2,555
90,25/5/2018,15:01:13,51.52644,-0.131583,4.09,66.2,555
91,25/5/2018,15:01:14,51.526447,-0.131561,7.22,66.2,557
92,25/5/2018,15:01:15,51.526455,-0.131543,5.87,66.2,559
93,25/5/2018,15:01:16,51.526463,-0.131527,6.07,66.2,556
94,25/5/2018,15:01:17,51.52647,-0.131512,2.32,66.2,557
95,25/5/2018,15:01:17,51.52647,-0.131512,2.32,66.6,558
96,25/5/2018,15:01:18,51.526474,-0.131497,4.11,66.6,557
97,25/5/2018,15:01:19,51.526478,-0.131483,4.43,66.6,559
98,25/5/2018,15:01:19,51.526478,-0.131483,4.43,66,560
99,25/5/2018,15:01:28,51.526485,-0.131382,4.11,66,561
100,25/5/2018,15:01:28,51.526485,-0.131382,4.11,63,562
101,25/5/2018,15:01:34,51.526455,-0.131298,13.33,63,564
102,25/5/2018,15:01:34,51.526455,-0.131298,13.33,62.8,564
103,25/5/2018,15:01:35,51.526432,-0.131318,3.37,62.8,561
104,25/5/2018,15:01:36,51.526424,-0.13132,5.07,62.8,560
105,25/5/2018,15:01:37,51.526402,-0.131312,4.61,62.8,560
106,25/5/2018,15:01:38,51.526382,-0.13132,3.98,62.8,561
107,25/5/2018,15:01:38,51.526382,-0.13132,3.98,63.5,561
108,25/5/2018,15:01:39,51.526375,-0.131316,3.5,63.5,559
109,25/5/2018,15:01:43,51.526325,-0.131285,4.89,63.5,562
110,25/5/2018,15:01:44,51.526318,-0.131276,3.09,63.5,561
111,25/5/2018,15:01:44,51.526318,-0.131276,3.09,61.3,562
112,25/5/2018,15:01:45,51.52631,-0.131251,4.78,61.3,560
113,25/5/2018,15:01:46,51.526287,-0.131259,5.37,61.3,559
114,25/5/2018,15:01:47,51.526276,-0.131271,3.24,61.3,560
115,25/5/2018,15:01:48,51.526272,-0.131262,4.3,61.3,559
116,25/5/2018,15:01:49,51.526257,-0.131252,4.26,61.3,561
117,25/5/2018,15:01:50,51.526249,-0.131242,4.43,61.3,561
118,25/5/2018,15:01:51,51.526241,-0.131232,4.57,61.3,560
119,25/5/2018,15:01:52,51.52623,-0.13122,5.52,61.3,562
120,25/5/2018,15:01:52,51.52623,-0.13122,5.52,72.7,561
121,25/5/2018,15:01:53,51.526215,-0.131208,7.13,72.7,560
122,25/5/2018,15:01:54,51.526199,-0.131196,4.52,72.7,561
123,25/5/2018,15:01:55,51.526203,-0.131193,4.78,72.7,562
124,25/5/2018,15:01:56,51.526199,-0.131177,4.39,72.7,562
125,25/5/2018,15:01:56,51.526199,-0.131177,4.39,70.9,563
126,25/5/2018,15:01:57,51.526192,-0.13116,5.91,70.9,561
127,25/5/2018,15:01:58,51.526031,-0.13112,4.93,70.9,562
128,25/5/2018,15:01:59,51.526024,-0.131128,4.56,70.9,563
129,25/5/2018,15:01:59,51.526024,-0.131128,4.56,41.3,564
130,25/5/2018,15:02:00,51.526031,-0.131136,4.37,41.3,563
131,25/5/2018,15:02:01,51.526031,-0.131125,3.28,41.3,563
132,25/5/2018,15:02:01,51.526031,-0.131125,3.28,36.7,563
133,25/5/2018,15:02:02,51.526028,-0.131114,4.52,36.7,563
134,25/5/2018,15:02:03,51.52602,-0.131108,4.5,36.7,563
135,25/5/2018,15:02:04,51.526016,-0.131103,3.65,36.7,565
136,25/5/2018,15:02:04,51.526016,-0.131103,3.65,33.9,565
137,25/5/2018,15:02:05,51.526016,-0.13109,3.2,33.9,565
138,25/5/2018,15:02:06,51.526012,-0.131082,3.98,33.9,563
139,25/5/2018,15:02:06,51.526012,-0.131082,3.98,33.2,563
140,25/5/2018,15:02:07,51.526005,-0.131076,4.89,33.2,562
141,25/5/2018,15:02:07,51.526005,-0.131076,4.89,32.9,562
142,25/5/2018,15:02:08,51.525997,-0.131067,4.67,32.9,564
143,25/5/2018,15:02:08,51.525997,-0.131067,4.67,32.8,564
144,25/5/2018,15:02:09,51.52599,-0.131057,4,32.8,564
145,25/5/2018,15:02:09,51.52599,-0.131057,4,32.6,563
146,25/5/2018,15:02:10,51.525982,-0.131045,4.94,32.6,563
147,25/5/2018,15:02:11,51.525974,-0.131036,5.61,32.6,564
148,25/5/2018,15:02:11,51.525974,-0.131036,5.61,32,564
149,25/5/2018,15:02:12,51.525963,-0.131031,4.11,32,565
150,25/5/2018,15:02:13,51.525959,-0.131021,3.15,32,565
151,25/5/2018,15:02:14,51.525955,-0.131009,4.22,32,564
152,25/5/2018,15:02:15,51.525948,-0.130999,4.43,32,563
153,25/5/2018,15:02:16,51.525936,-0.130988,4.57,32,564
154,25/5/2018,15:02:17,51.525928,-0.130974,4.63,32,564
155,25/5/2018,15:02:17,51.525928,-0.130974,4.63,31.1,564
156,25/5/2018,15:02:18,51.525917,-0.130963,4.89,31.1,561
157,25/5/2018,15:02:19,51.525906,-0.130952,5.93,31.1,562
158,25/5/2018,15:02:20,51.525894,-0.130947,5.15,31.1,562
159,25/5/2018,15:02:21,51.525883,-0.130939,3.89,31.1,564
160,25/5/2018,15:02:21,51.525883,-0.130939,3.89,30.7,564
161,25/5/2018,15:02:22,51.525879,-0.130927,3.26,30.7,563
162,25/5/2018,15:02:23,51.525871,-0.130916,4.37,30.7,563
163,25/5/2018,15:02:23,51.525871,-0.130916,4.37,31.1,563
164,25/5/2018,15:02:24,51.52586,-0.130908,5.04,31.1,561
165,25/5/2018,15:02:25,51.525848,-0.130897,4.5,31.1,565
166,25/5/2018,15:02:26,51.525841,-0.130883,4.82,31.1,564
167,25/5/2018,15:02:27,51.525829,-0.130873,5.17,31.1,564
168,25/5/2018,15:02:28,51.525822,-0.130863,4.44,31.1,563
169,25/5/2018,15:02:29,51.525814,-0.130854,4.22,31.1,564
170,25/5/2018,15:02:29,51.525814,-0.130854,4.22,30.6,565
171,25/5/2018,15:02:30,51.525806,-0.130844,4.78,30.6,562
172,25/5/2018,15:02:31,51.525799,-0.130832,4.11,30.6,564
173,25/5/2018,15:02:32,51.525791,-0.130822,4.41,30.6,565
174,25/5/2018,15:02:33,51.52578,-0.130813,4.52,30.6,567
175,25/5/2018,15:02:33,51.52578,-0.130813,4.52,30.5,568
176,25/5/2018,15:02:34,51.525772,-0.130803,4.39,30.5,564
177,25/5/2018,15:02:35,51.525761,-0.13079,4.87,30.5,566
178,25/5/2018,15:02:36,51.525753,-0.130778,5.17,30.5,565
179,25/5/2018,15:02:37,51.525742,-0.130766,5.63,30.5,564
180,25/5/2018,15:02:38,51.52573,-0.13076,5.06,30.5,565
181,25/5/2018,15:02:39,51.525723,-0.130747,4.07,30.5,566
182,25/5/2018,15:02:39,51.525723,-0.130747,4.07,29.9,566
183,25/5/2018,15:02:40,51.525715,-0.130735,4.52,29.9,562
184,25/5/2018,15:02:41,51.525711,-0.130722,3.94,29.9,565
185,25/5/2018,15:02:41,51.525711,-0.130722,3.94,29.5,565
186,25/5/2018,15:02:42,51.5257,-0.130711,4.91,29.5,564
187,25/5/2018,15:02:43,51.525696,-0.130697,4.78,29.5,565
188,25/5/2018,15:02:44,51.525684,-0.130687,4.67,29.5,565
189,25/5/2018,15:02:45,51.525677,-0.130675,4.54,29.5,565
190,25/5/2018,15:02:46,51.525665,-0.130665,5.52,29.5,565
191,25/5/2018,15:02:46,51.525665,-0.130665,5.52,29.7,566
192,25/5/2018,15:02:47,51.525658,-0.130649,4.67,29.7,565
193,25/5/2018,15:02:48,51.52565,-0.130638,3.63,29.7,569
194,25/5/2018,15:02:48,51.52565,-0.130638,3.63,29.9,568
195,25/5/2018,15:02:49,51.525646,-0.130621,4.56,29.9,566
196,25/5/2018,15:02:50,51.525646,-0.130602,5.74,29.9,567
197,25/5/2018,15:02:50,51.525646,-0.130602,5.74,30.6,567
198,25/5/2018,15:02:51,51.525642,-0.130582,4.59,30.6,566
199,25/5/2018,15:02:52,51.52565,-0.130556,6.33,30.6,569
200,25/5/2018,15:02:52,51.52565,-0.130556,6.33,32,569
201,25/5/2018,15:02:53,51.525654,-0.130535,4.91,32,566
202,25/5/2018,15:02:54,51.525658,-0.130515,4.46,32,568
203,25/5/2018,15:02:54,51.525658,-0.130515,4.46,32.9,568
204,25/5/2018,15:02:55,51.525661,-0.130495,3.98,32.9,567
205,25/5/2018,15:02:56,51.525665,-0.130475,5.07,32.9,568
206,25/5/2018,15:02:57,51.525665,-0.130457,3.8,32.9,566
207,25/5/2018,15:02:58,51.525661,-0.130442,4.24,32.9,566
208,25/5/2018,15:02:59,51.525658,-0.130424,5.41,32.9,569
209,25/5/2018,15:02:59,51.525658,-0.130424,5.41,36.8,569
210,25/5/2018,15:03:00,51.525639,-0.130419,5.83,36.8,566
211,25/5/2018,15:03:01,51.525635,-0.130414,2.69,36.8,569
212,25/5/2018,15:03:01,51.525635,-0.130414,2.69,38.9,567
213,25/5/2018,15:03:02,51.525639,-0.130394,3.74,38.9,567
214,25/5/2018,15:03:03,51.525639,-0.13038,4.24,38.9,569
215,25/5/2018,15:03:04,51.525639,-0.130366,4.32,38.9,570
216,25/5/2018,15:03:05,51.525631,-0.130349,5.06,38.9,571
217,25/5/2018,15:03:06,51.525623,-0.130338,3.91,38.9,572
218,25/5/2018,15:03:06,51.525623,-0.130338,3.91,44.7,569
219,25/5/2018,15:03:07,51.525608,-0.130328,4.11,44.7,570
220,25/5/2018,15:03:08,51.525604,-0.130309,4.83,44.7,572
221,25/5/2018,15:03:09,51.525589,-0.130303,5.69,44.7,571
222,25/5/2018,15:03:10,51.525574,-0.130299,4.96,44.7,571
223,25/5/2018,15:03:11,51.525562,-0.130292,5.24,44.7,572
224,25/5/2018,15:03:12,51.525555,-0.130278,4.91,44.7,573
225,25/5/2018,15:03:12,51.525555,-0.130278,4.91,53.2,572
226,25/5/2018,15:03:13,51.525543,-0.130274,4.78,53.2,572
227,25/5/2018,15:03:14,51.525528,-0.130271,4.13,53.2,572
228,25/5/2018,15:03:14,51.525528,-0.130271,4.13,51.8,573
229,25/5/2018,15:03:15,51.525517,-0.130266,3.54,51.8,569
230,25/5/2018,15:03:16,51.525501,-0.130272,3.7,51.8,573
231,25/5/2018,15:03:16,51.525501,-0.130272,3.7,49.3,573
232,25/5/2018,15:03:17,51.52549,-0.130267,4.61,49.3,572
233,25/5/2018,15:03:18,51.525478,-0.130253,4.44,49.3,573
234,25/5/2018,15:03:18,51.525478,-0.130253,4.44,48.6,573
235,25/5/2018,15:03:19,51.525475,-0.130238,4.63,48.6,570
236,25/5/2018,15:03:20,51.525471,-0.130216,5.17,48.6,573
237,25/5/2018,15:03:21,51.525463,-0.130196,4.69,48.6,573
238,25/5/2018,15:03:22,51.525452,-0.130186,4.94,48.6,573
239,25/5/2018,15:03:23,51.525444,-0.130168,5.37,48.6,573
240,25/5/2018,15:03:24,51.525444,-0.130154,3.26,48.6,573
241,25/5/2018,15:03:25,51.525448,-0.130121,3.46,48.6,574
242,25/5/2018,15:03:26,51.52544,-0.130102,4.33,48.6,576
243,25/5/2018,15:03:27,51.52544,-0.130085,3.96,48.6,575
244,25/5/2018,15:03:28,51.525433,-0.130064,5.69,48.6,575
245,25/5/2018,15:03:29,51.525429,-0.130044,5.07,48.6,578
246,25/5/2018,15:03:30,51.525421,-0.130022,5.63,48.6,576
247,25/5/2018,15:03:31,51.525421,-0.130006,3.57,48.6,573
248,25/5/2018,15:03:32,51.52541,-0.129996,5.35,48.6,572
249,25/5/2018,15:03:33,51.525398,-0.12999,5.89,48.6,572
250,25/5/2018,15:03:34,51.525391,-0.129979,3.76,48.6,573
251,25/5/2018,15:03:35,51.525383,-0.129962,4.35,48.6,572
252,25/5/2018,15:03:36,51.525379,-0.129956,2.54,48.6,574
253,25/5/2018,15:03:36,51.525379,-0.129956,2.54,39.2,573
254,25/5/2018,15:03:37,51.525379,-0.129945,3.69,39.2,574
255,25/5/2018,15:03:38,51.525387,-0.129919,4.02,39.2,576
256,25/5/2018,15:03:38,51.525387,-0.129919,4.02,39.5,575
257,25/5/2018,15:03:39,51.525391,-0.129908,2.02,39.5,574
258,25/5/2018,15:03:40,51.525387,-0.129904,3.26,39.5,575
259,25/5/2018,15:03:40,51.525387,-0.129904,3.26,38.5,572
260,25/5/2018,15:03:41,51.525398,-0.12989,2.91,38.5,574
261,25/5/2018,15:03:42,51.525398,-0.129878,4.57,38.5,577
262,25/5/2018,15:03:42,51.525398,-0.129878,4.57,38.6,575
263,25/5/2018,15:03:43,51.525402,-0.129868,3.28,38.6,575
264,25/5/2018,15:03:44,51.525394,-0.129853,3.07,38.6,576
265,25/5/2018,15:03:44,51.525394,-0.129853,3.07,38.7,574
266,25/5/2018,15:03:45,51.525406,-0.129846,3.2,38.7,574
267,25/5/2018,15:03:46,51.52541,-0.129837,3.67,38.7,579
268,25/5/2018,15:03:46,51.52541,-0.129837,3.67,37.9,579
269,25/5/2018,15:03:47,51.525414,-0.129828,3.56,37.9,578
270,25/5/2018,15:03:48,51.525421,-0.129812,1.91,37.9,578
271,25/5/2018,15:03:48,51.525421,-0.129812,1.91,39.6,577
272,25/5/2018,15:03:49,51.525429,-0.129802,3.54,39.6,573
273,25/5/2018,15:03:50,51.52544,-0.129797,3.37,39.6,576
274,25/5/2018,15:03:50,51.52544,-0.129797,3.37,39.2,576
275,25/5/2018,15:03:51,51.525444,-0.129781,3.13,39.2,574
276,25/5/2018,15:03:52,51.525452,-0.129768,3.02,39.2,574
277,25/5/2018,15:03:52,51.525452,-0.129768,3.02,41.9,575
278,25/5/2018,15:03:53,51.525455,-0.129753,4.19,41.9,573
279,25/5/2018,15:03:54,51.525459,-0.12974,2.67,41.9,576
280,25/5/2018,15:03:54,51.525459,-0.12974,2.67,43.2,575
281,25/5/2018,15:03:55,51.525452,-0.129744,2.41,43.2,575
282,25/5/2018,15:03:56,51.525455,-0.129725,2.96,43.2,576
283,25/5/2018,15:03:56,51.525455,-0.129725,2.96,42.7,576
284,25/5/2018,15:03:57,51.525459,-0.129717,2.63,42.7,573
285,25/5/2018,15:03:58,51.525455,-0.12972,2.59,42.7,576
286,25/5/2018,15:03:58,51.525455,-0.12972,2.59,41.3,576
287,25/5/2018,15:03:59,51.525455,-0.129718,2.57,41.3,575
288,25/5/2018,15:04:00,51.525448,-0.129729,0.87,41.3,576
289,25/5/2018,15:04:00,51.525448,-0.129729,0.87,38.2,573
290,25/5/2018,15:04:01,51.525436,-0.129743,0.74,38.2,573
291,25/5/2018,15:04:02,51.525433,-0.129742,2.41,38.2,574
292,25/5/2018,15:04:02,51.525433,-0.129742,2.41,37.3,574
293,25/5/2018,15:04:03,51.525436,-0.129734,1.3,37.3,573
294,25/5/2018,15:04:04,51.52544,-0.12972,4.02,37.3,575
295,25/5/2018,15:04:05,51.525444,-0.129693,1.46,37.3,572
296,25/5/2018,15:04:06,51.525452,-0.129683,2.02,37.3,576
297,25/5/2018,15:04:06,51.525452,-0.129683,2.02,39.9,576
298,25/5/2018,15:04:07,51.525448,-0.129672,1.85,39.9,575
299,25/5/2018,15:04:08,51.525459,-0.129665,2.3,39.9,576
300,25/5/2018,15:04:08,51.525459,-0.129665,2.3,40.6,573
301,25/5/2018,15:04:09,51.525471,-0.129634,2.54,40.6,573
302,25/5/2018,15:04:10,51.525482,-0.12963,0.44,40.6,575
303,25/5/2018,15:04:10,51.525482,-0.12963,0.44,43.5,567
304,25/5/2018,15:04:11,51.525486,-0.129626,1.44,43.5,570
305,25/5/2018,15:04:11,51.525486,-0.129626,1.44,43.5,571
306,25/5/2018,15:04:12,51.525467,-0.129634,0.15,43.5,572
307,25/5/2018,15:04:13,51.525463,-0.12964,0.7,43.5,574
308,25/5/2018,15:04:14,51.525455,-0.129645,1.02,43.5,574
309,25/5/2018,15:04:14,51.525455,-0.129645,1.02,41.2,574
310,25/5/2018,15:04:15,51.525448,-0.129659,1.26,41.2,574
311,25/5/2018,15:04:16,51.525455,-0.129659,2.15,41.2,575
312,25/5/2018,15:04:16,51.525455,-0.129659,2.15,39.9,575
313,25/5/2018,15:04:17,51.525452,-0.129654,1.74,39.9,570
314,25/5/2018,15:04:17,51.525452,-0.129654,1.74,39.6,572
315,25/5/2018,15:04:18,51.525455,-0.12965,1.57,39.6,570
316,25/5/2018,15:04:18,51.525455,-0.12965,1.57,39.1,573
317,25/5/2018,15:04:19,51.525459,-0.129654,0.48,39.1,573
318,25/5/2018,15:04:19,51.525459,-0.129654,0.48,39.1,574
319,25/5/2018,15:04:20,51.525471,-0.129649,1.57,39.1,572
320,25/5/2018,15:04:20,51.525471,-0.129649,1.57,39.5,574
321,25/5/2018,15:04:21,51.525486,-0.129636,2.13,39.5,573
322,25/5/2018,15:04:22,51.525494,-0.129632,0.76,39.5,574
323,25/5/2018,15:04:23,51.525494,-0.12963,2,39.5,574
324,25/5/2018,15:04:24,51.52549,-0.12963,1.5,39.5,575
325,25/5/2018,15:04:25,51.525478,-0.129639,1.8,39.5,575
326,25/5/2018,15:04:26,51.525471,-0.129644,0.65,39.5,574
327,25/5/2018,15:04:26,51.525471,-0.129644,0.65,41.4,575
328,25/5/2018,15:04:27,51.525471,-0.129644,2.22,41.4,574
329,25/5/2018,15:04:27,51.525471,-0.129644,2.22,41.5,578
330,25/5/2018,15:04:28,51.525467,-0.129635,1.76,41.5,581
331,25/5/2018,15:04:28,51.525467,-0.129635,1.76,42.2,581
332,25/5/2018,15:04:29,51.525467,-0.129631,1.48,42.2,577
333,25/5/2018,15:04:29,51.525467,-0.129631,1.48,43,577
334,25/5/2018,15:04:30,51.525475,-0.129617,0.09,43,575
335,25/5/2018,15:04:30,51.525475,-0.129617,0.09,44.9,574
336,25/5/2018,15:04:31,51.525478,-0.129622,0.5,44.9,574
337,25/5/2018,15:04:32,51.525475,-0.12962,2.04,44.9,574
338,25/5/2018,15:04:33,51.525475,-0.129615,2.17,44.9,575
339,25/5/2018,15:04:34,51.525478,-0.129613,1.48,44.9,576
340,25/5/2018,15:04:35,51.525486,-0.129612,0.3,44.9,575
341,25/5/2018,15:04:36,51.525494,-0.129604,0.48,44.9,574
342,25/5/2018,15:04:37,51.525505,-0.129594,0.46,44.9,573
343,25/5/2018,15:04:38,51.52552,-0.129592,0.09,44.9,573
344,25/5/2018,15:04:39,51.525536,-0.1296,0.3,44.9,574
345,25/5/2018,15:04:39,51.525536,-0.1296,0.3,53.9,573
346,25/5/2018,15:04:40,51.525547,-0.129605,0.52,53.9,569
347,25/5/2018,15:04:41,51.525562,-0.129602,0.17,53.9,578
348,25/5/2018,15:04:41,51.525562,-0.129602,0.17,52.5,576
349,25/5/2018,15:04:42,51.525566,-0.1296,0.37,52.5,576
350,25/5/2018,15:04:43,51.525581,-0.129591,0.67,52.5,579
351,25/5/2018,15:04:44,51.525585,-0.129583,0.61,52.5,580
352,25/5/2018,15:04:44,51.525585,-0.129583,0.61,54.1,577
353,25/5/2018,15:04:45,51.525597,-0.129569,0.89,54.1,574
354,25/5/2018,15:04:45,51.525597,-0.129569,0.89,54.5,574
355,25/5/2018,15:04:46,51.525597,-0.129563,1.11,54.5,574
356,25/5/2018,15:04:47,51.525566,-0.12958,0.15,54.5,573
357,25/5/2018,15:04:47,51.525566,-0.12958,0.15,54.9,572
358,25/5/2018,15:04:48,51.525574,-0.129576,0.56,54.9,571
359,25/5/2018,15:04:49,51.525585,-0.129569,0.63,54.9,571
360,25/5/2018,15:04:50,51.525589,-0.129564,0.81,54.9,573
361,25/5/2018,15:04:51,51.525585,-0.129567,1.07,54.9,573
362,25/5/2018,15:04:52,51.525566,-0.129578,0.85,54.9,574
363,25/5/2018,15:04:52,51.525566,-0.129578,0.85,51.9,572
364,25/5/2018,15:04:53,51.525555,-0.129585,0.46,51.9,570
365,25/5/2018,15:04:53,51.525555,-0.129585,0.46,52,571
366,25/5/2018,15:04:54,51.525547,-0.129591,0.39,52,571
367,25/5/2018,15:04:54,51.525547,-0.129591,0.39,51.8,572
368,25/5/2018,15:04:55,51.525543,-0.129595,0.87,51.8,572
369,25/5/2018,15:04:55,51.525543,-0.129595,0.87,50.9,573
370,25/5/2018,15:04:56,51.525547,-0.129594,0.3,50.9,569
371,25/5/2018,15:04:56,51.525547,-0.129594,0.3,51.1,569
372,25/5/2018,15:04:57,51.525547,-0.129595,0.43,51.1,569
373,25/5/2018,15:04:57,51.525547,-0.129595,0.43,51.2,570
374,25/5/2018,15:04:58,51.525551,-0.129592,0.39,51.2,570
375,25/5/2018,15:04:58,51.525551,-0.129592,0.39,51.6,571
376,25/5/2018,15:04:59,51.525566,-0.129585,2.96,51.6,569
377,25/5/2018,15:04:59,51.525566,-0.129585,2.96,50.2,570
378,25/5/2018,15:05:00,51.525562,-0.129574,0.72,50.2,569
379,25/5/2018,15:05:00,51.525562,-0.129574,0.72,49.1,568
380,25/5/2018,15:05:01,51.525574,-0.129564,0.87,49.1,568
381,25/5/2018,15:05:01,51.525574,-0.129564,0.87,50.5,568
382,25/5/2018,15:05:02,51.525578,-0.129558,2.22,50.5,566
383,25/5/2018,15:05:02,51.525578,-0.129558,2.22,50.9,566
384,25/5/2018,15:05:03,51.525578,-0.129558,0.43,50.9,569
385,25/5/2018,15:05:03,51.525578,-0.129558,0.43,51,571
386,25/5/2018,15:05:04,51.525574,-0.12956,0.3,51,570
387,25/5/2018,15:05:04,51.525574,-0.12956,0.3,51.1,571
388,25/5/2018,15:05:05,51.525574,-0.129561,1.22,51.1,567
389,25/5/2018,15:05:05,51.525574,-0.129561,1.22,51.1,568
390,25/5/2018,15:05:06,51.525574,-0.12956,0.74,51.1,567
391,25/5/2018,15:05:07,51.52557,-0.129559,0.85,51.1,569
392,25/5/2018,15:05:07,51.52557,-0.129559,0.85,52.2,570
393,25/5/2018,15:05:08,51.525566,-0.129558,1.11,52.2,568
394,25/5/2018,15:05:08,51.525566,-0.129558,1.11,53,569
395,25/5/2018,15:05:09,51.525578,-0.12955,3.93,53,568
396,25/5/2018,15:05:09,51.525578,-0.12955,3.93,53.3,567
397,25/5/2018,15:05:10,51.525578,-0.129547,0.26,53.3,567
398,25/5/2018,15:05:10,51.525578,-0.129547,0.26,54.7,566
399,25/5/2018,15:05:11,51.5256,-0.129531,5.24,54.7,565
400,25/5/2018,15:05:11,51.5256,-0.129531,5.24,59.1,566
401,25/5/2018,15:05:12,51.525627,-0.12953,8.96,59.1,567
402,25/5/2018,15:05:12,51.525627,-0.12953,8.96,60.5,567
403,25/5/2018,15:05:13,51.525627,-0.12954,3.93,60.5,566
404,25/5/2018,15:05:13,51.525627,-0.12954,3.93,60.5,568
405,25/5/2018,15:05:14,51.525646,-0.129525,1.19,60.5,564
406,25/5/2018,15:05:14,51.525646,-0.129525,1.19,64.2,566
407,25/5/2018,15:05:15,51.525639,-0.129527,2.09,64.2,564
408,25/5/2018,15:05:15,51.525639,-0.129527,2.09,65.1,565
409,25/5/2018,15:05:16,51.525646,-0.129515,3.2,65.1,566
410,25/5/2018,15:05:16,51.525646,-0.129515,3.2,66.4,567
411,25/5/2018,15:05:17,51.525642,-0.129487,2.57,66.4,565
412,25/5/2018,15:05:17,51.525642,-0.129487,2.57,68.9,567
413,25/5/2018,15:05:18,51.525639,-0.129486,1.19,68.9,565
414,25/5/2018,15:05:18,51.525639,-0.129486,1.19,68.2,565
415,25/5/2018,15:05:19,51.525635,-0.129481,2.35,68.2,565
416,25/5/2018,15:05:19,51.525635,-0.129481,2.35,69,565
417,25/5/2018,15:05:20,51.52562,-0.129477,5.52,69,566
418,25/5/2018,15:05:20,51.52562,-0.129477,5.52,68.3,567
419,25/5/2018,15:05:21,51.525612,-0.129472,1.56,68.3,566
420,25/5/2018,15:05:21,51.525612,-0.129472,1.56,68.4,565
421,25/5/2018,15:05:22,51.5256,-0.129469,2.06,68.4,565
422,25/5/2018,15:05:22,51.5256,-0.129469,2.06,68,566
423,25/5/2018,15:05:23,51.525593,-0.129469,2.17,68,563
424,25/5/2018,15:05:23,51.525593,-0.129469,2.17,67.1,565
425,25/5/2018,15:05:24,51.525589,-0.129482,1.5,67.1,563
426,25/5/2018,15:05:24,51.525589,-0.129482,1.5,65.4,566
427,25/5/2018,15:05:25,51.525585,-0.12948,0.56,65.4,565
428,25/5/2018,15:05:26,51.52557,-0.12947,1.74,65.4,565
429,25/5/2018,15:05:27,51.525574,-0.12946,2.07,65.4,565
430,25/5/2018,15:05:28,51.52557,-0.129461,2.35,65.4,565
431,25/5/2018,15:05:28,51.52557,-0.129461,2.35,66.5,564
432,25/5/2018,15:05:29,51.525566,-0.129465,1.15,66.5,564
433,25/5/2018,15:05:29,51.525566,-0.129465,1.15,65.7,566
434,25/5/2018,15:05:30,51.525566,-0.129471,2.11,65.7,564
435,25/5/2018,15:05:31,51.525551,-0.129484,2.91,65.7,566
436,25/5/2018,15:05:31,51.525551,-0.129484,2.91,63.8,566
437,25/5/2018,15:05:32,51.525547,-0.129493,1.26,63.8,565
438,25/5/2018,15:05:32,51.525547,-0.129493,1.26,63.7,565
439,25/5/2018,15:05:33,51.525551,-0.129525,2.24,63.7,564
440,25/5/2018,15:05:33,51.525551,-0.129525,2.24,61.1,565
441,25/5/2018,15:05:34,51.525536,-0.129531,0.54,61.1,565
442,25/5/2018,15:05:34,51.525536,-0.129531,0.54,60.7,567
443,25/5/2018,15:05:35,51.525524,-0.129551,1.44,60.7,567
444,25/5/2018,15:05:35,51.525524,-0.129551,1.44,58.3,569
445,25/5/2018,15:05:36,51.525517,-0.129564,1.76,58.3,566
446,25/5/2018,15:05:36,51.525517,-0.129564,1.76,57.3,566
447,25/5/2018,15:05:37,51.525505,-0.129582,3.72,57.3,564
448,25/5/2018,15:05:38,51.525482,-0.129635,1.63,57.3,566
449,25/5/2018,15:05:38,51.525482,-0.129635,1.63,50.2,568
450,25/5/2018,15:05:39,51.525463,-0.129661,3.28,50.2,567
451,25/5/2018,15:05:39,51.525463,-0.129661,3.28,48.1,568
452,25/5/2018,15:05:40,51.525448,-0.129665,2.22,48.1,566
453,25/5/2018,15:05:41,51.525433,-0.129668,3.91,48.1,567
454,25/5/2018,15:05:41,51.525433,-0.129668,3.91,48.2,566
455,25/5/2018,15:05:42,51.525417,-0.129698,4.96,48.2,566
456,25/5/2018,15:05:42,51.525417,-0.129698,4.96,45.1,566
457,25/5/2018,15:05:43,51.525391,-0.129729,2.44,45.1,566
458,25/5/2018,15:05:43,51.525391,-0.129729,2.44,40.7,567
459,25/5/2018,15:05:44,51.525372,-0.129749,3.17,40.7,567
460,25/5/2018,15:05:44,51.525372,-0.129749,3.17,37.9,568
461,25/5/2018,15:05:45,51.525368,-0.129743,2.26,37.9,565
462,25/5/2018,15:05:46,51.52536,-0.12975,2.43,37.9,565
463,25/5/2018,15:05:46,51.52536,-0.12975,2.43,37.6,566
464,25/5/2018,15:05:47,51.525349,-0.12976,2.57,37.6,567
465,25/5/2018,15:05:47,51.525349,-0.12976,2.57,36.3,568
466,25/5/2018,15:05:48,51.525341,-0.12975,1.63,36.3,567
467,25/5/2018,15:05:48,51.525341,-0.12975,1.63,36.8,568
468,25/5/2018,15:05:49,51.52533,-0.129749,3.65,36.8,568
469,25/5/2018,15:05:49,51.52533,-0.129749,3.65,36.3,568
470,25/5/2018,15:05:50,51.525314,-0.129748,5.85,36.3,566
471,25/5/2018,15:05:50,51.525314,-0.129748,5.85,35.5,566
472,25/5/2018,15:05:51,51.525307,-0.129744,4.54,35.5,563
473,25/5/2018,15:05:52,51.525295,-0.12975,3.56,35.5,568
474,25/5/2018,15:05:52,51.525295,-0.12975,3.56,34.2,568
475,25/5/2018,15:05:53,51.525288,-0.129737,2.83,34.2,567
476,25/5/2018,15:05:53,51.525288,-0.129737,2.83,34.6,568
477,25/5/2018,15:05:54,51.52528,-0.129731,2.76,34.6,565
478,25/5/2018,15:05:54,51.52528,-0.129731,2.76,34.2,567
479,25/5/2018,15:05:55,51.52528,-0.129717,4.22,34.2,565
480,25/5/2018,15:05:55,51.52528,-0.129717,4.22,33.5,566
481,25/5/2018,15:05:56,51.525261,-0.129709,5.2,33.5,566
482,25/5/2018,15:05:56,51.525261,-0.129709,5.2,34.2,567
483,25/5/2018,15:05:57,51.525261,-0.129689,2.82,34.2,566
484,25/5/2018,15:05:58,51.525242,-0.12968,5,34.2,568
485,25/5/2018,15:05:59,51.525242,-0.129678,4.06,34.2,567
486,25/5/2018,15:06:00,51.525227,-0.129669,4.76,34.2,568
487,25/5/2018,15:06:01,51.525219,-0.129665,3.57,34.2,569
488,25/5/2018,15:06:02,51.525208,-0.129658,2.61,34.2,570
489,25/5/2018,15:06:03,51.525196,-0.129657,2.74,34.2,568
490,25/5/2018,15:06:04,51.525192,-0.129641,3.37,34.2,568
491,25/5/2018,15:06:04,51.525192,-0.129641,3.37,32.5,570
492,25/5/2018,15:06:05,51.525181,-0.12964,4.17,32.5,568
493,25/5/2018,15:06:05,51.525181,-0.12964,4.17,32.2,570
494,25/5/2018,15:06:06,51.525166,-0.129637,3.5,32.2,568
495,25/5/2018,15:06:06,51.525166,-0.129637,3.5,31.3,570
496,25/5/2018,15:06:07,51.525154,-0.129629,3.28,31.3,567
497,25/5/2018,15:06:07,51.525154,-0.129629,3.28,31,568
498,25/5/2018,15:06:08,51.525146,-0.129618,3.83,31,568
499,25/5/2018,15:06:08,51.525146,-0.129618,3.83,31.3,568
500,25/5/2018,15:06:09,51.525127,-0.129624,5.98,31.3,568
501,25/5/2018,15:06:09,51.525127,-0.129624,5.98,29.9,570
502,25/5/2018,15:06:10,51.525112,-0.129623,3.32,29.9,569
503,25/5/2018,15:06:11,51.525108,-0.129611,2.39,29.9,572
504,25/5/2018,15:06:11,51.525108,-0.129611,2.39,28.7,571
505,25/5/2018,15:06:12,51.525101,-0.129602,1.59,28.7,569
506,25/5/2018,15:06:12,51.525101,-0.129602,1.59,29,569
507,25/5/2018,15:06:13,51.525093,-0.129589,4.06,29,567
508,25/5/2018,15:06:13,51.525093,-0.129589,4.06,29.3,569
509,25/5/2018,15:06:14,51.525082,-0.129577,5.35,29.3,568
510,25/5/2018,15:06:14,51.525082,-0.129577,5.35,29.3,570
511,25/5/2018,15:06:15,51.52507,-0.129576,3.85,29.3,568
512,25/5/2018,15:06:16,51.525063,-0.12958,3.61,29.3,570
513,25/5/2018,15:06:16,51.525063,-0.12958,3.61,28.3,569
514,25/5/2018,15:06:17,51.525055,-0.129569,3.59,28.3,568
515,25/5/2018,15:06:17,51.525055,-0.129569,3.59,28.6,568
516,25/5/2018,15:06:18,51.52504,-0.129551,5.72,28.6,569
517,25/5/2018,15:06:18,51.52504,-0.129551,5.72,29.9,571
518,25/5/2018,15:06:19,51.525032,-0.129538,4.65,29.9,571
519,25/5/2018,15:06:19,51.525032,-0.129538,4.65,30.5,570
520,25/5/2018,15:06:20,51.525024,-0.129526,4.2,30.5,570
521,25/5/2018,15:06:20,51.525024,-0.129526,4.2,30.5,569
522,25/5/2018,15:06:21,51.525017,-0.129519,4.72,30.5,566
523,25/5/2018,15:06:22,51.525009,-0.129512,4.72,30.5,570
524,25/5/2018,15:06:22,51.525009,-0.129512,4.72,29.7,570
525,25/5/2018,15:06:23,51.525002,-0.129509,2.46,29.7,569
526,25/5/2018,15:06:24,51.524994,-0.129497,2.41,29.7,570
527,25/5/2018,15:06:24,51.524994,-0.129497,2.41,30.3,570
528,25/5/2018,15:06:25,51.524979,-0.12949,2.93,30.3,567
529,25/5/2018,15:06:25,51.524979,-0.12949,2.93,29.6,568
530,25/5/2018,15:06:26,51.524975,-0.129487,3.28,29.6,567
531,25/5/2018,15:06:27,51.52496,-0.129477,4.8,29.6,570
532,25/5/2018,15:06:27,51.52496,-0.129477,4.8,30.8,571
533,25/5/2018,15:06:28,51.524948,-0.129462,3.8,30.8,570
534,25/5/2018,15:06:28,51.524948,-0.129462,3.8,31.3,571
535,25/5/2018,15:06:29,51.524948,-0.129443,3.32,31.3,571
536,25/5/2018,15:06:29,51.524948,-0.129443,3.32,32.4,570
537,25/5/2018,15:06:30,51.524937,-0.129444,4.09,32.4,569
538,25/5/2018,15:06:30,51.524937,-0.129444,4.09,31.7,569
539,25/5/2018,15:06:31,51.524925,-0.129432,4.83,31.7,570
540,25/5/2018,15:06:31,51.524925,-0.129432,4.83,32.3,569
541,25/5/2018,15:06:32,51.524914,-0.129425,4.48,32.3,568
542,25/5/2018,15:06:33,51.524902,-0.129437,4.07,32.3,572
543,25/5/2018,15:06:33,51.524902,-0.129437,4.07,30,572
544,25/5/2018,15:06:34,51.524891,-0.129416,4.44,30,568
545,25/5/2018,15:06:34,51.524891,-0.129416,4.44,31.6,569
546,25/5/2018,15:06:35,51.524876,-0.129406,6.74,31.6,567
547,25/5/2018,15:06:36,51.524872,-0.12939,3.65,31.6,570
548,25/5/2018,15:06:36,51.524872,-0.12939,3.65,34.1,570
549,25/5/2018,15:06:37,51.524864,-0.129381,3.69,34.1,567
550,25/5/2018,15:06:38,51.524853,-0.129379,3.44,34.1,569
551,25/5/2018,15:06:38,51.524853,-0.129379,3.44,34.3,568
552,25/5/2018,15:06:39,51.524841,-0.129369,5.72,34.3,567
553,25/5/2018,15:06:39,51.524841,-0.129369,5.72,34.4,567
554,25/5/2018,15:06:40,51.524834,-0.129347,5.3,34.4,569
555,25/5/2018,15:06:40,51.524834,-0.129347,5.3,35.8,570
556,25/5/2018,15:06:41,51.524818,-0.129346,4.39,35.8,570
557,25/5/2018,15:06:41,51.524818,-0.129346,4.39,35.5,570
558,25/5/2018,15:06:42,51.524811,-0.129343,2.61,35.5,570
559,25/5/2018,15:06:42,51.524811,-0.129343,2.61,35.3,570
560,25/5/2018,15:06:43,51.524807,-0.129337,3.2,35.3,569
561,25/5/2018,15:06:43,51.524807,-0.129337,3.2,35.3,570
562,25/5/2018,15:06:44,51.524796,-0.12932,4.35,35.3,567
563,25/5/2018,15:06:44,51.524796,-0.12932,4.35,35.8,569
564,25/5/2018,15:06:45,51.524784,-0.129317,4.06,35.8,569
565,25/5/2018,15:06:46,51.524784,-0.129294,3.91,35.8,570
566,25/5/2018,15:06:47,51.524776,-0.129277,4.46,35.8,570
567,25/5/2018,15:06:48,51.524769,-0.129261,5.22,35.8,570
568,25/5/2018,15:06:48,51.524769,-0.129261,5.22,37.5,570
569,25/5/2018,15:06:49,51.524761,-0.129239,8.02,37.5,568
570,25/5/2018,15:06:50,51.524757,-0.129221,3.37,37.5,570
571,25/5/2018,15:06:50,51.524757,-0.129221,3.37,37.4,570
572,25/5/2018,15:06:51,51.524742,-0.129214,3.41,37.4,569
573,25/5/2018,15:06:51,51.524742,-0.129214,3.41,36.3,568
574,25/5/2018,15:06:52,51.524734,-0.1292,4.56,36.3,569
575,25/5/2018,15:06:52,51.524734,-0.1292,4.56,36.2,568
576,25/5/2018,15:06:53,51.524731,-0.129189,4.02,36.2,567
577,25/5/2018,15:06:54,51.524731,-0.12918,3.37,36.2,570
578,25/5/2018,15:06:54,51.524731,-0.12918,3.37,34.4,569
579,25/5/2018,15:06:55,51.524727,-0.129167,2.91,34.4,569
580,25/5/2018,15:06:55,51.524727,-0.129167,2.91,33.9,570
581,25/5/2018,15:06:56,51.524715,-0.129159,4.41,33.9,568
582,25/5/2018,15:06:56,51.524715,-0.129159,4.41,33.5,569
583,25/5/2018,15:06:57,51.524704,-0.12915,4.15,33.5,566
584,25/5/2018,15:06:58,51.524696,-0.129144,4.33,33.5,569
585,25/5/2018,15:06:59,51.524696,-0.129129,2.07,33.5,570
586,25/5/2018,15:07:00,51.524689,-0.129113,3.8,33.5,571
587,25/5/2018,15:07:00,51.524689,-0.129113,3.8,34.2,569
588,25/5/2018,15:07:01,51.524677,-0.129114,3.76,34.2,569
589,25/5/2018,15:07:01,51.524677,-0.129114,3.76,32.7,568
590,25/5/2018,15:07:02,51.524673,-0.129104,4.5,32.7,568
591,25/5/2018,15:07:03,51.524666,-0.1291,1.91,32.7,570
592,25/5/2018,15:07:04,51.524658,-0.129096,1.65,32.7,572
593,25/5/2018,15:07:05,51.524651,-0.1291,2.04,32.7,569
594,25/5/2018,15:07:06,51.524658,-0.129068,4.78,32.7,570
595,25/5/2018,15:07:07,51.524654,-0.129045,4.63,32.7,571
596,25/5/2018,15:07:07,51.524654,-0.129045,4.63,35.3,571
597,25/5/2018,15:07:08,51.524639,-0.129035,4.02,35.3,569
598,25/5/2018,15:07:09,51.524639,-0.129027,1.91,35.3,572
599,25/5/2018,15:07:10,51.524628,-0.129018,4.76,35.3,571
600,25/5/2018,15:07:11,51.524628,-0.129008,3.33,35.3,572
601,25/5/2018,15:07:11,51.524628,-0.129008,3.33,37.7,570
602,25/5/2018,15:07:12,51.52462,-0.128995,2.74,37.7,573
603,25/5/2018,15:07:12,51.52462,-0.128995,2.74,38.8,572
604,25/5/2018,15:07:13,51.524612,-0.128988,2.65,38.8,572
605,25/5/2018,15:07:14,51.524612,-0.128987,0.44,38.8,570
606,25/5/2018,15:07:15,51.524605,-0.128978,2.63,38.8,571
607,25/5/2018,15:07:16,51.524601,-0.128971,3.41,38.8,573
608,25/5/2018,15:07:16,51.524601,-0.128971,3.41,41.1,573
609,25/5/2018,15:07:17,51.524597,-0.128961,3.39,41.1,572
610,25/5/2018,15:07:17,51.524597,-0.128961,3.39,42.2,572
611,25/5/2018,15:07:18,51.524593,-0.128951,2.63,42.2,571
612,25/5/2018,15:07:18,51.524593,-0.128951,2.63,43.5,571
613,25/5/2018,15:07:19,51.524593,-0.128935,3.37,43.5,569
614,25/5/2018,15:07:20,51.52459,-0.128918,3.46,43.5,569
615,25/5/2018,15:07:21,51.524582,-0.128915,1.61,43.5,571
616,25/5/2018,15:07:22,51.52457,-0.128907,2.8,43.5,572
617,25/5/2018,15:07:23,51.524578,-0.128888,4.19,43.5,570
618,25/5/2018,15:07:24,51.524574,-0.128875,4.41,43.5,569
619,25/5/2018,15:07:25,51.524574,-0.128871,2.74,43.5,571
620,25/5/2018,15:07:26,51.524559,-0.12886,2.46,43.5,569
621,25/5/2018,15:07:27,51.524548,-0.128863,1.24,43.5,577
622,25/5/2018,15:07:27,51.524548,-0.128863,1.24,49,579
623,25/5/2018,15:07:28,51.524529,-0.128863,0.37,49,579
624,25/5/2018,15:07:28,51.524529,-0.128863,0.37,50,579
625,25/5/2018,15:07:29,51.524513,-0.128864,0.57,50,580
626,25/5/2018,15:07:29,51.524513,-0.128864,0.57,51.2,581
627,25/5/2018,15:07:30,51.524502,-0.128861,1.91,51.2,575
628,25/5/2018,15:07:31,51.52449,-0.128868,1.06,51.2,575
629,25/5/2018,15:07:31,51.52449,-0.128868,1.06,53,577
630,25/5/2018,15:07:32,51.524483,-0.128864,0.54,53,576
631,25/5/2018,15:07:32,51.524483,-0.128864,0.54,54,575
632,25/5/2018,15:07:33,51.524479,-0.128867,0.48,54,573
633,25/5/2018,15:07:34,51.524475,-0.128868,1.5,54,575
634,25/5/2018,15:07:34,51.524475,-0.128868,1.5,56.7,573
635,25/5/2018,15:07:35,51.524471,-0.128865,1.74,56.7,571
636,25/5/2018,15:07:35,51.524471,-0.128865,1.74,58.7,572
637,25/5/2018,15:07:36,51.524467,-0.128864,0.87,58.7,568
638,25/5/2018,15:07:37,51.524467,-0.12886,0.41,58.7,572
639,25/5/2018,15:07:37,51.524467,-0.12886,0.41,61.5,571
640,25/5/2018,15:07:38,51.524467,-0.128863,0.59,61.5,568
641,25/5/2018,15:07:38,51.524467,-0.128863,0.59,62.4,569
642,25/5/2018,15:07:39,51.524467,-0.128862,1.26,62.4,567
643,25/5/2018,15:07:40,51.524471,-0.128861,1.8,62.4,568
644,25/5/2018,15:07:40,51.524471,-0.128861,1.8,64.8,566
645,25/5/2018,15:07:41,51.524471,-0.128858,0.8,64.8,564
646,25/5/2018,15:07:42,51.524475,-0.128853,1.02,64.8,567
647,25/5/2018,15:07:42,51.524475,-0.128853,1.02,66.1,567
648,25/5/2018,15:07:43,51.524483,-0.128842,3.09,66.1,567
649,25/5/2018,15:07:43,51.524483,-0.128842,3.09,63.3,567
650,25/5/2018,15:07:44,51.524483,-0.128834,2.87,63.3,566
651,25/5/2018,15:07:45,51.524494,-0.128825,4.32,63.3,567
652,25/5/2018,15:07:45,51.524494,-0.128825,4.32,53.2,568
653,25/5/2018,15:07:46,51.524498,-0.12882,2.72,53.2,564
654,25/5/2018,15:07:47,51.524509,-0.128814,1.13,53.2,568
655,25/5/2018,15:07:48,51.524521,-0.128803,7.2,53.2,568
656,25/5/2018,15:07:49,51.524502,-0.12883,4.76,53.2,568
657,25/5/2018,15:07:50,51.524513,-0.12882,2.57,53.2,567
658,25/5/2018,15:07:50,51.524513,-0.12882,2.57,45.4,566
659,25/5/2018,15:07:51,51.524525,-0.128805,3.35,45.4,566
660,25/5/2018,15:07:51,51.524525,-0.128805,3.35,45,567
661,25/5/2018,15:07:52,51.524532,-0.128772,1.85,45,567
662,25/5/2018,15:07:52,51.524532,-0.128772,1.85,46.7,567
663,25/5/2018,15:07:53,51.524548,-0.128783,6.69,46.7,568
664,25/5/2018,15:07:53,51.524548,-0.128783,6.69,45.5,566
665,25/5/2018,15:07:54,51.524548,-0.128778,2.8,45.5,564
666,25/5/2018,15:07:55,51.524551,-0.128766,2.09,45.5,565
667,25/5/2018,15:07:56,51.524559,-0.12875,2.17,45.5,566
668,25/5/2018,15:07:57,51.524567,-0.128737,2.06,45.5,567
669,25/5/2018,15:07:57,51.524567,-0.128737,2.06,48.7,567
670,25/5/2018,15:07:58,51.524567,-0.128719,2.67,48.7,565
671,25/5/2018,15:07:58,51.524567,-0.128719,2.67,49.2,565
672,25/5/2018,15:07:59,51.52457,-0.128701,3.46,49.2,565
673,25/5/2018,15:07:59,51.52457,-0.128701,3.46,49.8,565
674,25/5/2018,15:08:00,51.524582,-0.128682,3.59,49.8,565
675,25/5/2018,15:08:01,51.524593,-0.12867,3.5,49.8,566
676,25/5/2018,15:08:02,51.524601,-0.128656,3.72,49.8,567
677,25/5/2018,15:08:02,51.524601,-0.128656,3.72,52,565
678,25/5/2018,15:08:03,51.524609,-0.128643,4.06,52,566
679,25/5/2018,15:08:03,51.524609,-0.128643,4.06,52.2,565
680,25/5/2018,15:08:04,51.524612,-0.128635,2.57,52.2,564
681,25/5/2018,15:08:05,51.524616,-0.12863,2,52.2,566
682,25/5/2018,15:08:06,51.524635,-0.12862,3.61,52.2,568
683,25/5/2018,15:08:06,51.524635,-0.12862,3.61,54.7,567
684,25/5/2018,15:08:07,51.524643,-0.128617,3.48,54.7,565
685,25/5/2018,15:08:08,51.524651,-0.128612,3.04,54.7,567
686,25/5/2018,15:08:09,51.524658,-0.128612,2.74,54.7,571
687,25/5/2018,15:08:09,51.524658,-0.128612,2.74,55.5,571
688,25/5/2018,15:08:10,51.524658,-0.128615,2.06,55.5,569
689,25/5/2018,15:08:11,51.524654,-0.128613,0.87,55.5,571
690,25/5/2018,15:08:11,51.524654,-0.128613,0.87,54.7,569
691,25/5/2018,15:08:12,51.524654,-0.128609,0.07,54.7,568
692,25/5/2018,15:08:12,51.524654,-0.128609,0.07,55,567
693,25/5/2018,15:08:13,51.524654,-0.128608,0.15,55,568
694,25/5/2018,15:08:14,51.524651,-0.128611,0.11,55,570
695,25/5/2018,15:08:14,51.524651,-0.128611,0.11,53.8,570
696,25/5/2018,15:08:15,51.524647,-0.128613,0.41,53.8,570
697,25/5/2018,15:08:16,51.524647,-0.128615,0.09,53.8,569
698,25/5/2018,15:08:17,51.524643,-0.128619,0.22,53.8,569
699,25/5/2018,15:08:18,51.524639,-0.128622,0.09,53.8,572
700,25/5/2018,15:08:18,51.524639,-0.128622,0.09,51,572
701,25/5/2018,15:08:19,51.524635,-0.128624,0.11,51,570
702,25/5/2018,15:08:20,51.524632,-0.128631,0.13,51,570
703,25/5/2018,15:08:20,51.524632,-0.128631,0.13,49.2,569
704,25/5/2018,15:08:21,51.524628,-0.128636,0.19,49.2,569
705,25/5/2018,15:08:21,51.524628,-0.128636,0.19,48.3,568
706,25/5/2018,15:08:22,51.524624,-0.128643,0.13,48.3,570
707,25/5/2018,15:08:22,51.524624,-0.128643,0.13,47.2,570
708,25/5/2018,15:08:23,51.524624,-0.128648,0,47.2,571
709,25/5/2018,15:08:23,51.524624,-0.128648,0,46.4,571
710,25/5/2018,15:08:24,51.52462,-0.128652,0.04,46.4,572
711,25/5/2018,15:08:24,51.52462,-0.128652,0.04,45.8,570
712,25/5/2018,15:08:25,51.524624,-0.128655,0.07,45.8,570
713,25/5/2018,15:08:26,51.524624,-0.128659,0.15,45.8,572
714,25/5/2018,15:08:26,51.524624,-0.128659,0.15,46.2,572
715,25/5/2018,15:08:27,51.524628,-0.128661,0.09,46.2,573
716,25/5/2018,15:08:27,51.524628,-0.128661,0.09,46.4,572
717,25/5/2018,15:08:28,51.524635,-0.128646,0.09,46.4,573
718,25/5/2018,15:08:28,51.524635,-0.128646,0.09,49.3,572
719,25/5/2018,15:08:29,51.524639,-0.12864,0.07,49.3,569
720,25/5/2018,15:08:30,51.524647,-0.128629,0.11,49.3,571
721,25/5/2018,15:08:31,51.524651,-0.128627,0.07,49.3,572
722,25/5/2018,15:08:32,51.524651,-0.128625,0.02,49.3,572
723,25/5/2018,15:08:33,51.524654,-0.128622,0.06,49.3,572
724,25/5/2018,15:08:34,51.524658,-0.12862,0,49.3,572
725,25/5/2018,15:08:34,51.524658,-0.12862,0,54.8,570
726,25/5/2018,15:08:35,51.524658,-0.128621,0.19,54.8,570
727,25/5/2018,15:08:35,51.524658,-0.128621,0.19,54.9,571
728,25/5/2018,15:08:36,51.524658,-0.128619,0.26,54.9,570
729,25/5/2018,15:08:37,51.524666,-0.128613,0.5,54.9,571
730,25/5/2018,15:08:38,51.52467,-0.128609,0.39,54.9,569
731,25/5/2018,15:08:39,51.524677,-0.128603,0.09,54.9,569
732,25/5/2018,15:08:37,51.524681,-0.128595,0.11,54.9,571
733,25/5/2018,15:08:37,51.524681,-0.128595,0.11,58.3,569
734,25/5/2018,15:08:38,51.524685,-0.128582,1.93,58.3,568
735,25/5/2018,15:08:39,51.524689,-0.128588,2,58.3,568
736,25/5/2018,15:08:39,51.524689,-0.128588,2,58.5,568
737,25/5/2018,15:08:40,51.524696,-0.128592,3.09,58.5,566
738,25/5/2018,15:08:40,51.524696,-0.128592,3.09,57.7,566
739,25/5/2018,15:08:41,51.524704,-0.128599,2.39,57.7,566
740,25/5/2018,15:08:41,51.524704,-0.128599,2.39,57.5,566
741,25/5/2018,15:08:42,51.524715,-0.128598,3.17,57.5,565
742,25/5/2018,15:08:43,51.524727,-0.128601,3.24,57.5,565
743,25/5/2018,15:08:43,51.524685,-0.12859,3.24,42,565
744,25/5/2018,15:08:44,51.524742,-0.12859,2.91,42,564
745,25/5/2018,15:08:45,51.524754,-0.128595,3.67,42,566
746,25/5/2018,15:08:45,51.524754,-0.128595,3.67,52.2,566
747,25/5/2018,15:08:46,51.524769,-0.128594,3.24,52.2,565
748,25/5/2018,15:08:47,51.52478,-0.128602,3.74,52.2,566
749,25/5/2018,15:08:48,51.524788,-0.128606,2.74,52.2,564
750,25/5/2018,15:08:49,51.524799,-0.128613,3.2,52.2,565
751,25/5/2018,15:08:50,51.524807,-0.12862,3.28,52.2,566
752,25/5/2018,15:08:50,51.524807,-0.12862,3.28,47.4,566
753,25/5/2018,15:08:51,51.524815,-0.128635,3.65,47.4,564
754,25/5/2018,15:08:52,51.524826,-0.128643,3.96,47.4,565
755,25/5/2018,15:08:53,51.52483,-0.128652,3.09,47.4,565
756,25/5/2018,15:08:53,51.52483,-0.128652,3.09,46.5,564
757,25/5/2018,15:08:54,51.524837,-0.128661,3.19,46.5,565
758,25/5/2018,15:08:54,51.524837,-0.128661,3.19,45.8,565
759,25/5/2018,15:08:55,51.524841,-0.128672,3.39,45.8,564
760,25/5/2018,15:08:56,51.524849,-0.128682,3.44,45.8,564
761,25/5/2018,15:08:56,51.524849,-0.128682,3.44,26,565
762,25/5/2018,15:08:57,51.524857,-0.128691,3.26,26,563
763,25/5/2018,15:08:58,51.524864,-0.1287,3.5,26,566
764,25/5/2018,15:08:58,51.524864,-0.1287,3.5,44.1,566
765,25/5/2018,15:08:59,51.524872,-0.128709,3.43,44.1,566
766,25/5/2018,15:08:59,51.524872,-0.128709,3.43,43.8,565
767,25/5/2018,15:09:00,51.524879,-0.128717,3.8,43.8,566
768,25/5/2018,15:09:00,51.524879,-0.128717,3.8,43.4,567
769,25/5/2018,15:09:01,51.524883,-0.128733,3.5,43.4,566
770,25/5/2018,15:09:01,51.524883,-0.128733,3.5,42.7,566
771,25/5/2018,15:09:02,51.524887,-0.128744,3.13,42.7,565
772,25/5/2018,15:09:02,51.524887,-0.128744,3.13,41.8,566
773,25/5/2018,15:09:03,51.524895,-0.128758,3.11,41.8,566
774,25/5/2018,15:09:03,51.524895,-0.128758,3.11,41,566
775,25/5/2018,15:09:04,51.524899,-0.128774,3.46,41,566
776,25/5/2018,15:09:04,51.524899,-0.128774,3.46,39.9,565
777,25/5/2018,15:09:05,51.524895,-0.128787,2.72,39.9,565
778,25/5/2018,15:09:06,51.52491,-0.128792,3.85,39.9,564
779,25/5/2018,15:09:07,51.524921,-0.128807,5.19,39.9,563
780,25/5/2018,15:09:08,51.524925,-0.12882,4.52,39.9,564
781,25/5/2018,15:09:09,51.524933,-0.128826,4.44,39.9,566
782,25/5/2018,15:09:09,51.524933,-0.128826,4.44,37.6,565
783,25/5/2018,15:09:10,51.52494,-0.128835,4.61,37.6,563
784,25/5/2018,15:09:10,51.52494,-0.128835,4.61,37,565
785,25/5/2018,15:09:11,51.524952,-0.128842,4.63,37,564
786,25/5/2018,15:09:12,51.52496,-0.128846,4.44,37,565
787,25/5/2018,15:09:13,51.524963,-0.12885,3.5,37,562
788,25/5/2018,15:09:14,51.524967,-0.128854,2.72,37,566
789,25/5/2018,15:09:15,51.524971,-0.128858,2.06,37,566
790,25/5/2018,15:09:15,51.524971,-0.128858,2.06,34.9,565
791,25/5/2018,15:09:16,51.524971,-0.128866,1.76,34.9,565
792,25/5/2018,15:09:16,51.524971,-0.128866,1.76,34.5,566
793,25/5/2018,15:09:17,51.524975,-0.128873,2.24,34.5,567
794,25/5/2018,15:09:18,51.524979,-0.128881,2.65,34.5,568
795,25/5/2018,15:09:19,51.524982,-0.128887,3.24,34.5,568
796,25/5/2018,15:09:20,51.524998,-0.128889,4.37,34.5,568
797,25/5/2018,15:09:21,51.525002,-0.128896,4.28,34.5,568
798,25/5/2018,15:09:22,51.525005,-0.128901,3.57,34.5,570
799,25/5/2018,15:09:22,51.525005,-0.128901,3.57,35.5,569
800,25/5/2018,15:09:23,51.525009,-0.128907,4.13,35.5,570
801,25/5/2018,15:09:23,51.525009,-0.128907,4.13,35.3,570
802,25/5/2018,15:09:24,51.525013,-0.128917,4.39,35.3,569
803,25/5/2018,15:09:25,51.525021,-0.128927,4.91,35.3,569
804,25/5/2018,15:09:26,51.525028,-0.128935,4.04,35.3,570
805,25/5/2018,15:09:27,51.525036,-0.128947,5.02,35.3,573
806,25/5/2018,15:09:27,51.525036,-0.128947,5.02,35.6,571
807,25/5/2018,15:09:28,51.525051,-0.128964,6.35,35.6,569
808,25/5/2018,15:09:29,51.525051,-0.128981,4.83,35.6,569
809,25/5/2018,15:09:30,51.525051,-0.128995,3.28,35.6,570
810,25/5/2018,15:09:31,51.525063,-0.129008,4.02,35.6,569
811,25/5/2018,15:09:32,51.525063,-0.129024,3.93,35.6,570
812,25/5/2018,15:09:32,51.525063,-0.129024,3.93,36,569
813,25/5/2018,15:09:33,51.525066,-0.129037,3.3,36,569
814,25/5/2018,15:09:33,51.525066,-0.129037,3.3,36.1,568
815,25/5/2018,15:09:34,51.525074,-0.129051,4.32,36.1,568
816,25/5/2018,15:09:35,51.525074,-0.129067,3.3,36.1,568
817,25/5/2018,15:09:36,51.525074,-0.129082,3.19,36.1,569
818,25/5/2018,15:09:36,51.525074,-0.129082,3.19,35.2,567
819,25/5/2018,15:09:37,51.525078,-0.129103,3.83,35.2,565
820,25/5/2018,15:09:37,51.525078,-0.129103,3.83,35.3,565
821,25/5/2018,15:09:38,51.525082,-0.12912,3.85,35.3,564
822,25/5/2018,15:09:39,51.525082,-0.129136,3.52,35.3,570
823,25/5/2018,15:09:39,51.525082,-0.129136,3.52,36.3,569
824,25/5/2018,15:09:40,51.525082,-0.12915,2.74,36.3,567
825,25/5/2018,15:09:41,51.525089,-0.12916,2.33,36.3,567
826,25/5/2018,15:09:42,51.525097,-0.129174,2.98,36.3,569
827,25/5/2018,15:09:42,51.525097,-0.129174,2.98,37.1,569
828,25/5/2018,15:09:43,51.525105,-0.129186,3.48,37.1,566
829,25/5/2018,15:09:44,51.525105,-0.129201,4.24,37.1,569
830,25/5/2018,15:09:44,51.525105,-0.129201,4.24,38.1,567
831,25/5/2018,15:09:45,51.525108,-0.129215,4.09,38.1,564
832,25/5/2018,15:09:46,51.525116,-0.129224,4,38.1,565
833,25/5/2018,15:09:46,51.525116,-0.129224,4,39.1,563
834,25/5/2018,15:09:47,51.525131,-0.129233,4.72,39.1,563
835,25/5/2018,15:09:47,51.525131,-0.129233,4.72,39.4,563
836,25/5/2018,15:09:48,51.525139,-0.129244,4.69,39.4,561
837,25/5/2018,15:09:48,51.525139,-0.129244,4.69,39.4,563
838,25/5/2018,15:09:49,51.525139,-0.129258,3.74,39.4,561
839,25/5/2018,15:09:49,51.525139,-0.129258,3.74,39.5,561
840,25/5/2018,15:09:50,51.52515,-0.12927,4.46,39.5,560
841,25/5/2018,15:09:50,51.52515,-0.12927,4.46,39.2,561
842,25/5/2018,15:09:51,51.525162,-0.12928,4.69,39.2,560
843,25/5/2018,15:09:51,51.525162,-0.12928,4.69,39.6,561
844,25/5/2018,15:09:52,51.525169,-0.129291,4.37,39.6,562
845,25/5/2018,15:09:52,51.525169,-0.129291,4.37,39.7,563
846,25/5/2018,15:09:53,51.525177,-0.129302,3.98,39.7,562
847,25/5/2018,15:09:53,51.525177,-0.129302,3.98,40,563
848,25/5/2018,15:09:54,51.525185,-0.129314,4.39,40,561
849,25/5/2018,15:09:55,51.525192,-0.129325,4.19,40,562
850,25/5/2018,15:09:56,51.525196,-0.129331,3.56,40,564
851,25/5/2018,15:09:57,51.525211,-0.12934,5.09,40,564
852,25/5/2018,15:09:58,51.525223,-0.129345,5.41,40,565
853,25/5/2018,15:09:58,51.525223,-0.129345,5.41,39.8,564
854,25/5/2018,15:09:59,51.525238,-0.129345,4.93,39.8,562
855,25/5/2018,15:09:59,51.525238,-0.129345,4.93,39.5,562
856,25/5/2018,15:10:00,51.525242,-0.129352,3.07,39.5,561
857,25/5/2018,15:10:00,51.525242,-0.129352,3.07,39.4,563
858,25/5/2018,15:10:01,51.525249,-0.129356,3.13,39.4,565
859,25/5/2018,15:10:01,51.525249,-0.129356,3.13,39.5,565
860,25/5/2018,15:10:02,51.525249,-0.12936,2.56,39.5,565
861,25/5/2018,15:10:03,51.525265,-0.129373,4.2,39.5,566
862,25/5/2018,15:10:03,51.525265,-0.129373,4.2,40.2,565
863,25/5/2018,15:10:04,51.525272,-0.12938,3.65,40.2,563
864,25/5/2018,15:10:05,51.52528,-0.129386,3.83,40.2,564
865,25/5/2018,15:10:06,51.525295,-0.129392,4.33,40.2,566
866,25/5/2018,15:10:07,51.525303,-0.129405,4.28,40.2,566
867,25/5/2018,15:10:07,51.525303,-0.129405,4.28,41.2,565
868,25/5/2018,15:10:08,51.525311,-0.129419,3.46,41.2,564
869,25/5/2018,15:10:09,51.525314,-0.129432,3.33,41.2,565
870,25/5/2018,15:10:09,51.525314,-0.129432,3.33,41.1,565
871,25/5/2018,15:10:10,51.525322,-0.129444,3.32,41.1,565
872,25/5/2018,15:10:10,51.525322,-0.129444,3.32,41.5,565
873,25/5/2018,15:10:11,51.52533,-0.129455,3.22,41.5,566
874,25/5/2018,15:10:11,51.52533,-0.129455,3.22,40.7,565
875,25/5/2018,15:10:12,51.525337,-0.129461,2.32,40.7,564
876,25/5/2018,15:10:13,51.525341,-0.129467,1.07,40.7,564
877,25/5/2018,15:10:14,51.525349,-0.129469,1.43,40.7,567
878,25/5/2018,15:10:15,51.525349,-0.129477,1.11,40.7,567
879,25/5/2018,15:10:15,51.525349,-0.129477,1.11,40.4,566
880,25/5/2018,15:10:16,51.52536,-0.129485,2.52,40.4,566
881,25/5/2018,15:10:16,51.52536,-0.129485,2.52,39.2,565
882,25/5/2018,15:10:17,51.525368,-0.129491,2.43,39.2,565
883,25/5/2018,15:10:17,51.525368,-0.129491,2.43,39,564
884,25/5/2018,15:10:18,51.525383,-0.129508,2.76,39,564
885,25/5/2018,15:10:19,51.525387,-0.129518,1.33,39,567
886,25/5/2018,15:10:20,51.525394,-0.129531,2.35,39,568
887,25/5/2018,15:10:20,51.525394,-0.129531,2.35,37.5,566
888,25/5/2018,15:10:21,51.525406,-0.129538,2.94,37.5,565
889,25/5/2018,15:10:21,51.525406,-0.129538,2.94,37.4,565
890,25/5/2018,15:10:22,51.525421,-0.129545,3.43,37.4,563
891,25/5/2018,15:10:23,51.525436,-0.129549,4.02,37.4,565
892,25/5/2018,15:10:24,51.525448,-0.129554,3.26,37.4,565
893,25/5/2018,15:10:25,51.525463,-0.129553,3.63,37.4,565
894,25/5/2018,15:10:26,51.525478,-0.129554,3.57,37.4,565
895,25/5/2018,15:10:26,51.525478,-0.129554,3.57,37.4,565
896,25/5/2018,15:10:27,51.525482,-0.129543,2.98,37.4,564
897,25/5/2018,15:10:28,51.525494,-0.129542,1.8,37.4,566
898,25/5/2018,15:10:28,51.525494,-0.129542,1.8,36.7,566
899,25/5/2018,15:10:29,51.525501,-0.129528,2.67,36.7,564
900,25/5/2018,15:10:29,51.525501,-0.129528,2.67,36.3,564
901,25/5/2018,15:10:30,51.525524,-0.129516,3.54,36.3,565
902,25/5/2018,15:10:30,51.525524,-0.129516,3.54,36.5,564
903,25/5/2018,15:10:31,51.525532,-0.129506,3.19,36.5,565
904,25/5/2018,15:10:31,51.525532,-0.129506,3.19,36.1,565
905,25/5/2018,15:10:32,51.525539,-0.129496,3.39,36.1,565
906,25/5/2018,15:10:33,51.525539,-0.129493,1.44,36.1,566
907,25/5/2018,15:10:34,51.525543,-0.129487,1.43,36.1,566
908,25/5/2018,15:10:34,51.525543,-0.129487,1.43,34.6,566
909,25/5/2018,15:10:35,51.525547,-0.129478,1.57,34.6,564
910,25/5/2018,15:10:35,51.525547,-0.129478,1.57,34.4,565
911,25/5/2018,15:10:36,51.525558,-0.129469,2.3,34.4,565
912,25/5/2018,15:10:36,51.525558,-0.129469,2.3,34.1,566
913,25/5/2018,15:10:37,51.525558,-0.129462,1.96,34.1,565
914,25/5/2018,15:10:38,51.525574,-0.129451,3.48,34.1,566
915,25/5/2018,15:10:39,51.525585,-0.129442,3.96,34.1,568
916,25/5/2018,15:10:40,51.525597,-0.129431,4.48,34.1,568
917,25/5/2018,15:10:40,51.525597,-0.129431,4.48,33.4,567
918,25/5/2018,15:10:41,51.525604,-0.129415,4.26,33.4,566
919,25/5/2018,15:10:42,51.525608,-0.129397,4.22,33.4,568
920,25/5/2018,15:10:43,51.525616,-0.129385,3.44,33.4,567
921,25/5/2018,15:10:44,51.52562,-0.129378,2.76,33.4,568
922,25/5/2018,15:10:44,51.52562,-0.129378,2.76,33.1,567
923,25/5/2018,15:10:45,51.525627,-0.129376,3.26,33.1,565
924,25/5/2018,15:10:46,51.525631,-0.129379,2.24,33.1,567
925,25/5/2018,15:10:47,51.525642,-0.129377,3.67,33.1,567
926,25/5/2018,15:10:48,51.525654,-0.129377,4.32,33.1,566
927,25/5/2018,15:10:48,51.525654,-0.129377,4.32,33.7,565
928,25/5/2018,15:10:49,51.525669,-0.129385,5.44,33.7,564
929,25/5/2018,15:10:49,51.525669,-0.129385,5.44,34,564
930,25/5/2018,15:10:50,51.525681,-0.12939,5.39,34,564
931,25/5/2018,15:10:51,51.525692,-0.12939,4.74,34,563
932,25/5/2018,15:10:52,51.525707,-0.129384,4.89,34,562
933,25/5/2018,15:10:52,51.525707,-0.129384,4.89,34.4,561
934,25/5/2018,15:10:53,51.525719,-0.129379,3.82,34.4,559
935,25/5/2018,15:10:53,51.525719,-0.129379,3.82,34.4,560
936,25/5/2018,15:10:54,51.52573,-0.129364,3.96,34.4,560
937,25/5/2018,15:10:55,51.525742,-0.129358,3.96,34.4,563
938,25/5/2018,15:10:56,51.525753,-0.129357,4.59,34.4,563
939,25/5/2018,15:10:56,51.525753,-0.129357,4.59,34.5,562
940,25/5/2018,15:10:57,51.525749,-0.129351,2.59,34.5,562
941,25/5/2018,15:10:57,51.525749,-0.129351,2.59,34.6,561
942,25/5/2018,15:10:58,51.525757,-0.12934,1.15,34.6,562
943,25/5/2018,15:10:58,51.525757,-0.12934,1.15,35,562
944,25/5/2018,15:10:59,51.525768,-0.129335,1.59,35,562
945,25/5/2018,15:10:59,51.525768,-0.129335,1.59,35.6,562
946,25/5/2018,15:11:00,51.52578,-0.12933,1.61,35.6,563
947,25/5/2018,15:11:01,51.525787,-0.12933,0.74,35.6,564
948,25/5/2018,15:11:02,51.525784,-0.129336,2.48,35.6,564
949,25/5/2018,15:11:03,51.525787,-0.129335,2.06,35.6,567
950,25/5/2018,15:11:03,51.525787,-0.129335,2.06,37.6,567
951,25/5/2018,15:11:04,51.525776,-0.129328,1.63,37.6,569
952,25/5/2018,15:11:04,51.525776,-0.129328,1.63,39.3,568
953,25/5/2018,15:11:05,51.525768,-0.129325,0.3,39.3,567
954,25/5/2018,15:11:05,51.525768,-0.129325,0.3,40.7,566
955,25/5/2018,15:11:06,51.525776,-0.129318,1.54,40.7,566
956,25/5/2018,15:11:06,51.525776,-0.129318,1.54,41.6,565
957,25/5/2018,15:11:07,51.525787,-0.129315,3.82,41.6,564
958,25/5/2018,15:11:08,51.52581,-0.129308,5.61,41.6,566
959,25/5/2018,15:11:08,51.52581,-0.129308,5.61,43.5,564
960,25/5/2018,15:11:09,51.525826,-0.129301,6.39,43.5,566
961,25/5/2018,15:11:09,51.525826,-0.129301,6.39,44.2,564
962,25/5/2018,15:11:10,51.525833,-0.129303,4.8,44.2,567
963,25/5/2018,15:11:10,51.525833,-0.129303,4.8,44.6,566
964,25/5/2018,15:11:11,51.525841,-0.129306,4.22,44.6,566
965,25/5/2018,15:11:11,51.525841,-0.129306,4.22,45,565
966,25/5/2018,15:11:12,51.525837,-0.129319,3.93,45,565
967,25/5/2018,15:11:13,51.525848,-0.129313,5.78,45,568
968,25/5/2018,15:11:13,51.525848,-0.129313,5.78,45.7,567
969,25/5/2018,15:11:14,51.525864,-0.129318,6.43,45.7,566
970,25/5/2018,15:11:15,51.525879,-0.12932,5.5,45.7,566
971,25/5/2018,15:11:16,51.52589,-0.129323,4.54,45.7,566
972,25/5/2018,15:11:17,51.525883,-0.129336,5.5,45.7,566
973,25/5/2018,15:11:18,51.525887,-0.129348,5.91,45.7,566
974,25/5/2018,15:11:18,51.525887,-0.129348,5.91,51.4,564
975,25/5/2018,15:11:19,51.525871,-0.129337,3.02,51.4,564
976,25/5/2018,15:11:19,51.525871,-0.129337,3.02,51.6,563
977,25/5/2018,15:11:20,51.525879,-0.129338,3.33,51.6,565
978,25/5/2018,15:11:20,51.525879,-0.129338,3.33,53.4,564
979,25/5/2018,15:11:21,51.52589,-0.129343,2.87,53.4,566
980,25/5/2018,15:11:21,51.52589,-0.129343,2.87,53.3,565
981,25/5/2018,15:11:22,51.525909,-0.129341,2.96,53.3,566
982,25/5/2018,15:11:22,51.525909,-0.129341,2.96,53,566
983,25/5/2018,15:11:23,51.525913,-0.129351,2.22,53,565
984,25/5/2018,15:11:23,51.525913,-0.129351,2.22,52.3,564
985,25/5/2018,15:11:24,51.525921,-0.12936,2.72,52.3,565
986,25/5/2018,15:11:24,51.525921,-0.12936,2.72,53.3,564
987,25/5/2018,15:11:25,51.525921,-0.129367,1.78,53.3,566
988,25/5/2018,15:11:25,51.525921,-0.129367,1.78,53.7,566
989,25/5/2018,15:11:26,51.525932,-0.129383,3.48,53.7,567
990,25/5/2018,15:11:26,51.525932,-0.129383,3.48,54.5,566
991,25/5/2018,15:11:27,51.525944,-0.129394,4.44,54.5,565
992,25/5/2018,15:11:28,51.52594,-0.129398,1.59,54.5,566
993,25/5/2018,15:11:29,51.525921,-0.129385,1.7,54.5,566
994,25/5/2018,15:11:29,51.525921,-0.129385,1.7,55.8,565
995,25/5/2018,15:11:30,51.525921,-0.129391,1.11,55.8,566
996,25/5/2018,15:11:30,51.525921,-0.129391,1.11,54.3,563
997,25/5/2018,15:11:31,51.525936,-0.129406,2.19,54.3,566
998,25/5/2018,15:11:31,51.525936,-0.129406,2.19,55.2,566
999,25/5/2018,15:11:32,51.525951,-0.12942,2.83,55.2,564
1000,25/5/2018,15:11:33,51.525959,-0.129433,3.19,55.2,565
1001,25/5/2018,15:11:34,51.525967,-0.129445,3.65,55.2,565
1002,25/5/2018,15:11:35,51.525982,-0.129454,4.44,55.2,566
1003,25/5/2018,15:11:35,51.525982,-0.129454,4.44,57.3,565
1004,25/5/2018,15:11:36,51.525993,-0.129464,4.83,57.3,564
1005,25/5/2018,15:11:36,51.525993,-0.129464,4.83,57.6,566
1006,25/5/2018,15:11:37,51.526009,-0.129481,5.3,57.6,579
1007,25/5/2018,15:11:38,51.52602,-0.12949,4.69,57.6,565
1008,25/5/2018,15:11:39,51.526031,-0.129503,5,57.6,571
1009,25/5/2018,15:11:39,51.526031,-0.129503,5,57.1,569
1010,25/5/2018,15:11:40,51.526031,-0.129522,4.85,57.1,568
1011,25/5/2018,15:11:41,51.526043,-0.129533,3.56,57.1,566
1012,25/5/2018,15:11:42,51.526054,-0.129535,3.07,57.1,565
1013,25/5/2018,15:11:43,51.526062,-0.129543,3.33,57.1,564
1014,25/5/2018,15:11:43,51.526062,-0.129543,3.33,57.5,564
1015,25/5/2018,15:11:44,51.526073,-0.129549,3.07,57.5,564
1016,25/5/2018,15:11:44,51.526073,-0.129549,3.07,56.9,564
1017,25/5/2018,15:11:45,51.526081,-0.129553,3.46,56.9,563
1018,25/5/2018,15:11:45,51.526081,-0.129553,3.46,56.6,562
1019,25/5/2018,15:11:46,51.526096,-0.12956,3.63,56.6,562
1020,25/5/2018,15:11:47,51.526108,-0.129568,2.98,56.6,562
1021,25/5/2018,15:11:48,51.526115,-0.129574,2.61,56.6,564
1022,25/5/2018,15:11:49,51.526123,-0.129578,1.98,56.6,565
1023,25/5/2018,15:11:49,51.526123,-0.129578,1.98,56,563
1024,25/5/2018,15:11:50,51.526142,-0.129597,2.7,56,564
1025,25/5/2018,15:11:50,51.526142,-0.129597,2.7,54.9,563
1026,25/5/2018,15:11:51,51.526154,-0.129617,2.89,54.9,562
1027,25/5/2018,15:11:52,51.526173,-0.129628,3.32,54.9,563
1028,25/5/2018,15:11:53,51.526184,-0.129638,3.78,54.9,563
1029,25/5/2018,15:11:53,51.526184,-0.129638,3.78,52.2,563
1030,25/5/2018,15:11:54,51.526199,-0.129648,3.04,52.2,561
1031,25/5/2018,15:11:54,51.526199,-0.129648,3.04,51.2,561
1032,25/5/2018,15:11:55,51.526218,-0.129656,3.15,51.2,561
1033,25/5/2018,15:11:56,51.526237,-0.129668,4.26,51.2,563
1034,25/5/2018,15:11:57,51.526253,-0.129682,4.72,51.2,564
1035,25/5/2018,15:11:58,51.526268,-0.129693,5.07,51.2,565
1036,25/5/2018,15:11:58,51.526268,-0.129693,5.07,51.1,563
1037,25/5/2018,15:11:59,51.526283,-0.129706,5.06,51.1,561
1038,25/5/2018,15:12:00,51.526299,-0.12972,4.96,51.1,562
1039,25/5/2018,15:12:01,51.526314,-0.129733,4.94,51.1,562
1040,25/5/2018,15:12:02,51.526329,-0.129745,3.94,51.1,561
1041,25/5/2018,15:12:02,51.526329,-0.129745,3.94,49.3,561
1042,25/5/2018,15:12:03,51.526344,-0.129757,4.5,49.3,558
1043,25/5/2018,15:12:04,51.526356,-0.129769,4.19,49.3,559
1044,25/5/2018,15:12:05,51.526371,-0.129776,4.76,49.3,560
1045,25/5/2018,15:12:06,51.52639,-0.129785,4.65,49.3,561
1046,25/5/2018,15:12:07,51.526402,-0.129798,4.2,49.3,561
1047,25/5/2018,15:12:07,51.526402,-0.129798,4.2,47.5,559
1048,25/5/2018,15:12:08,51.526413,-0.129813,4.96,47.5,558
1049,25/5/2018,15:12:09,51.526428,-0.129829,4.83,47.5,559
1050,25/5/2018,15:12:10,51.52644,-0.129842,5.54,47.5,560
1051,25/5/2018,15:12:11,51.526451,-0.129852,4.32,47.5,561
1052,25/5/2018,15:12:11,51.526451,-0.129852,4.32,46.8,559
1053,25/5/2018,15:12:12,51.526459,-0.129863,4.32,46.8,557
1054,25/5/2018,15:12:13,51.52647,-0.12987,3.76,46.8,559
1055,25/5/2018,15:12:14,51.526482,-0.129881,4.15,46.8,559
1056,25/5/2018,15:12:15,51.526493,-0.129891,4.2,46.8,559
1057,25/5/2018,15:12:15,51.526493,-0.129891,4.2,47.4,560
1058,25/5/2018,15:12:16,51.526508,-0.129901,4.89,47.4,558
1059,25/5/2018,15:12:16,51.526508,-0.129901,4.89,47.6,558
1060,25/5/2018,15:12:17,51.52652,-0.129913,4.56,47.6,558
1061,25/5/2018,15:12:17,51.52652,-0.129913,4.56,47.6,557
1062,25/5/2018,15:12:18,51.526527,-0.129925,4.7,47.6,558
1063,25/5/2018,15:12:18,51.526527,-0.129925,4.7,47.6,559
1064,25/5/2018,15:12:19,51.526543,-0.129933,4.82,47.6,559
1065,25/5/2018,15:12:19,51.526543,-0.129933,4.82,47.3,559
1066,25/5/2018,15:12:20,51.52655,-0.129946,4.54,47.3,559
1067,25/5/2018,15:12:20,51.52655,-0.129946,4.54,47.2,557
1068,25/5/2018,15:12:21,51.526562,-0.129957,4.44,47.2,557
1069,25/5/2018,15:12:22,51.526569,-0.129969,4.35,47.2,557
1070,25/5/2018,15:12:23,51.526581,-0.129979,4.44,47.2,558
1071,25/5/2018,15:12:24,51.526596,-0.12999,4.46,47.2,560
1072,25/5/2018,15:12:24,51.526596,-0.12999,4.46,46.7,560
1073,25/5/2018,15:12:25,51.526608,-0.130001,4.87,46.7,557
1074,25/5/2018,15:12:25,51.526608,-0.130001,4.87,46.4,558
1075,25/5/2018,15:12:26,51.526615,-0.130015,4.43,46.4,557
1076,25/5/2018,15:12:26,51.526615,-0.130015,4.43,46.5,559
1077,25/5/2018,15:12:27,51.526627,-0.130026,4.39,46.5,557
1078,25/5/2018,15:12:28,51.526638,-0.130038,4.44,46.5,560
1079,25/5/2018,15:12:29,51.526646,-0.130049,4.32,46.5,559
1080,25/5/2018,15:12:30,51.526657,-0.130062,4.96,46.5,558
1081,25/5/2018,15:12:31,51.526665,-0.130073,4.39,46.5,559
1082,25/5/2018,15:12:32,51.526672,-0.130086,4.33,46.5,560
1083,25/5/2018,15:12:33,51.52668,-0.130098,3.91,46.5,561
1084,25/5/2018,15:12:33,51.52668,-0.130098,3.91,46.3,560
1085,25/5/2018,15:12:34,51.526684,-0.130111,3.65,46.3,559
1086,25/5/2018,15:12:34,51.526684,-0.130111,3.65,46.8,559
1087,25/5/2018,15:12:35,51.526703,-0.130144,3.7,46.8,559
1088,25/5/2018,15:12:35,51.526703,-0.130144,3.7,44.9,559
1089,25/5/2018,15:12:36,51.526714,-0.130171,3.87,44.9,559
1090,25/5/2018,15:12:36,51.526714,-0.130171,3.87,44.3,559
1091,25/5/2018,15:12:37,51.526737,-0.130192,6.2,44.3,558
1092,25/5/2018,15:12:37,51.526737,-0.130192,6.2,42.3,558
1093,25/5/2018,15:12:38,51.526752,-0.130226,4.63,42.3,558
1094,25/5/2018,15:12:38,51.526752,-0.130226,4.63,38.5,557
1095,25/5/2018,15:12:39,51.526768,-0.130263,5.06,38.5,558
1096,25/5/2018,15:12:39,51.526768,-0.130263,5.06,34.1,557
1097,25/5/2018,15:12:40,51.526783,-0.130291,4.28,34.1,557
1098,25/5/2018,15:12:40,51.526783,-0.130291,4.28,30.7,558
1099,25/5/2018,15:12:41,51.526791,-0.130314,4.28,30.7,559
1100,25/5/2018,15:12:41,51.526791,-0.130314,4.28,27.6,559
1101,25/5/2018,15:12:42,51.526794,-0.130342,3.56,27.6,560
1102,25/5/2018,15:12:42,51.526794,-0.130342,3.56,25.9,559
1103,25/5/2018,15:12:43,51.52681,-0.130348,3.83,25.9,557
1104,25/5/2018,15:12:44,51.526817,-0.130352,2.85,25.9,558
1105,25/5/2018,15:12:45,51.526833,-0.130357,6.24,25.9,560
1106,25/5/2018,15:12:45,51.526833,-0.130357,6.24,26.9,559
1107,25/5/2018,15:12:46,51.526844,-0.13036,5.46,26.9,559
1108,25/5/2018,15:12:46,51.526844,-0.13036,5.46,28,559
1109,25/5/2018,15:12:47,51.526855,-0.130371,5,28,558
1110,25/5/2018,15:12:47,51.526855,-0.130371,5,28.5,557
1111,25/5/2018,15:12:48,51.526871,-0.130386,4.8,28.5,557
1112,25/5/2018,15:12:49,51.526882,-0.130402,4.82,28.5,557
1113,25/5/2018,15:12:50,51.526886,-0.13042,5.02,28.5,559
1114,25/5/2018,15:12:51,51.526894,-0.13043,5.48,28.5,558
1115,25/5/2018,15:12:52,51.526897,-0.130438,2.32,28.5,557
1116,25/5/2018,15:12:53,51.526897,-0.130442,0.43,28.5,558
1117,25/5/2018,15:12:54,51.526897,-0.130444,0.26,28.5,559
1118,25/5/2018,15:12:55,51.526901,-0.130446,2.48,28.5,558
1119,25/5/2018,15:12:56,51.526905,-0.130453,3.15,28.5,559
1120,25/5/2018,15:12:56,51.526905,-0.130453,3.15,32.2,559
1121,25/5/2018,15:12:57,51.526905,-0.13046,1.41,32.2,558
1122,25/5/2018,15:12:57,51.526905,-0.13046,1.41,32.5,557
1123,25/5/2018,15:12:58,51.526901,-0.130467,1.61,32.5,558
1124,25/5/2018,15:12:58,51.526901,-0.130467,1.61,33.1,558
1125,25/5/2018,15:12:59,51.526913,-0.130473,4.33,33.1,558
1126,25/5/2018,15:12:59,51.526913,-0.130473,4.33,33.5,559
1127,25/5/2018,15:13:00,51.526917,-0.130478,4.33,33.5,558
1128,25/5/2018,15:13:00,51.526917,-0.130478,4.33,34,557
1129,25/5/2018,15:13:01,51.52692,-0.130481,1.85,34,557
1130,25/5/2018,15:13:02,51.526917,-0.13048,1.09,34,558
1131,25/5/2018,15:13:03,51.526909,-0.130483,2.93,34,559
1132,25/5/2018,15:13:04,51.526905,-0.130485,2.46,34,559
1133,25/5/2018,15:13:05,51.526905,-0.13049,1.57,34,558
1134,25/5/2018,15:13:06,51.52692,-0.130496,4.04,34,558
1135,25/5/2018,15:13:06,51.52692,-0.130496,4.04,32.5,558
1136,25/5/2018,15:13:07,51.526932,-0.130507,5,32.5,557
1137,25/5/2018,15:13:07,51.526932,-0.130507,5,32,558
1138,25/5/2018,15:13:08,51.526936,-0.130513,3.61,32,559
1139,25/5/2018,15:13:08,51.526936,-0.130513,3.61,32.4,559
1140,25/5/2018,15:13:09,51.526943,-0.130524,5.07,32.4,559
1141,25/5/2018,15:13:09,51.526943,-0.130524,5.07,31.3,558
1142,25/5/2018,15:13:10,51.526955,-0.130532,4.83,31.3,557
1143,25/5/2018,15:13:10,51.526955,-0.130532,4.83,31.6,558
1144,25/5/2018,15:13:11,51.52697,-0.130543,3.3,31.6,557
1145,25/5/2018,15:13:11,51.52697,-0.130543,3.3,31.8,559
1146,25/5/2018,15:13:12,51.526985,-0.130544,4.89,31.8,559
1147,25/5/2018,15:13:12,51.526985,-0.130544,4.89,32.3,559
1148,25/5/2018,15:13:13,51.526981,-0.130551,1.52,32.3,559
1149,25/5/2018,15:13:13,51.526981,-0.130551,1.52,31,558
1150,25/5/2018,15:13:14,51.526997,-0.130552,1.13,31,558
1151,25/5/2018,15:13:14,51.526997,-0.130552,1.13,32.2,558
1152,25/5/2018,15:13:15,51.526993,-0.130556,2.22,32.2,558
1153,25/5/2018,15:13:16,51.526997,-0.130588,2.98,32.2,560
1154,25/5/2018,15:13:16,51.526997,-0.130588,2.98,30.9,559
1155,25/5/2018,15:13:17,51.527004,-0.130656,2.7,30.9,560
1156,25/5/2018,15:13:17,51.527004,-0.130656,2.7,25.2,559
1157,25/5/2018,15:13:18,51.527031,-0.130713,4.54,25.2,558
1158,25/5/2018,15:13:18,51.527031,-0.130713,4.54,22,558
1159,25/5/2018,15:13:19,51.527088,-0.130771,4.43,22,558
1160,25/5/2018,15:13:19,51.527088,-0.130771,4.43,22.5,558
1161,25/5/2018,15:13:20,51.527103,-0.130801,3.7,22.5,557
1162,25/5/2018,15:13:21,51.527126,-0.130829,7.41,22.5,558
1163,25/5/2018,15:13:22,51.52713,-0.130847,3.93,22.5,559
1164,25/5/2018,15:13:22,51.52713,-0.130847,3.93,22.9,557
1165,25/5/2018,15:13:23,51.527142,-0.130859,1.96,22.9,557
1166,25/5/2018,15:13:23,51.527142,-0.130859,1.96,24.1,556
1167,25/5/2018,15:13:24,51.527164,-0.13088,5.32,24.1,557
1168,25/5/2018,15:13:24,51.527164,-0.13088,5.32,23.3,557
1169,25/5/2018,15:13:25,51.527187,-0.130893,6.2,23.3,557
1170,25/5/2018,15:13:26,51.527195,-0.130903,4.91,23.3,558
1171,25/5/2018,15:13:27,51.52718,-0.130912,0.46,23.3,560
1172,25/5/2018,15:13:27,51.52718,-0.130912,0.46,25.8,559
1173,25/5/2018,15:13:28,51.527199,-0.130917,2.76,25.8,558
1174,25/5/2018,15:13:28,51.527199,-0.130917,2.76,25,559
1175,25/5/2018,15:13:29,51.527199,-0.130927,2.69,25,559
1176,25/5/2018,15:13:29,51.527199,-0.130927,2.69,24,559
1177,25/5/2018,15:13:30,51.527195,-0.130943,2.15,24,558
1178,25/5/2018,15:13:31,51.527191,-0.130957,2.04,24,560
1179,25/5/2018,15:13:31,51.527191,-0.130957,2.04,23,559
1180,25/5/2018,15:13:32,51.527187,-0.130966,2.19,23,557
1181,25/5/2018,15:13:33,51.527184,-0.130978,1.85,23,558
1182,25/5/2018,15:13:34,51.527172,-0.130989,1.87,23,559
1183,25/5/2018,15:13:35,51.527142,-0.131008,3.15,23,557
1184,25/5/2018,15:13:35,51.527142,-0.131008,3.15,27.2,557
1185,25/5/2018,15:13:36,51.52713,-0.131018,4.39,27.2,564
1186,25/5/2018,15:13:36,51.52713,-0.131018,4.39,27.4,561
1187,25/5/2018,15:13:37,51.527103,-0.131034,6.2,27.4,560
1188,25/5/2018,15:13:38,51.52713,-0.131063,5.04,27.4,561
1189,25/5/2018,15:13:38,51.52713,-0.131063,5.04,27.5,561
1190,25/5/2018,15:13:39,51.527145,-0.131088,4.28,27.5,558
1191,25/5/2018,15:13:40,51.527142,-0.131121,4.78,27.5,558
1192,25/5/2018,15:13:41,51.527142,-0.131142,4.87,27.5,554
1193,25/5/2018,15:13:42,51.527168,-0.131169,4.72,27.5,561
1194,25/5/2018,15:13:43,51.527164,-0.13118,2.32,27.5,558
1195,25/5/2018,15:13:43,51.527164,-0.13118,2.32,27.9,558
1196,25/5/2018,15:13:44,51.527153,-0.131196,2.3,27.9,557
1197,25/5/2018,15:13:44,51.527153,-0.131196,2.3,28,556
1198,25/5/2018,15:13:45,51.527145,-0.13121,2.04,28,556
1199,25/5/2018,15:13:45,51.527145,-0.13121,2.04,28.1,554
1200,25/5/2018,15:13:46,51.527138,-0.131232,2.69,28.1,554
1201,25/5/2018,15:13:46,51.527138,-0.131232,2.69,28.3,555
1202,25/5/2018,15:13:47,51.527122,-0.131243,2.2,28.3,556
1203,25/5/2018,15:13:47,51.527122,-0.131243,2.2,28.2,556
1204,25/5/2018,15:13:48,51.527111,-0.13126,2.32,28.2,556
1205,25/5/2018,15:13:48,51.527111,-0.13126,2.32,28.3,556
1206,25/5/2018,15:13:49,51.527096,-0.13127,2.83,28.3,552
1207,25/5/2018,15:13:49,51.527096,-0.13127,2.83,28.3,554
1208,25/5/2018,15:13:50,51.527084,-0.131285,3.87,28.3,554
1209,25/5/2018,15:13:50,51.527084,-0.131285,3.87,28.5,557
1210,25/5/2018,15:13:51,51.527069,-0.131301,4.44,28.5,555
1211,25/5/2018,15:13:52,51.527061,-0.131324,4.7,28.5,555
1212,25/5/2018,15:13:53,51.527061,-0.131362,4.33,28.5,556
1213,25/5/2018,15:13:54,51.527031,-0.131386,4.39,28.5,556
1214,25/5/2018,15:13:55,51.527031,-0.131412,3.91,28.5,556
1215,25/5/2018,15:13:55,51.527031,-0.131412,3.91,28.9,556
1216,25/5/2018,15:13:56,51.527046,-0.131443,3.37,28.9,555
1217,25/5/2018,15:13:56,51.527046,-0.131443,3.37,29,555
1218,25/5/2018,15:13:57,51.527081,-0.131483,3.83,29,555
1219,25/5/2018,15:13:57,51.527081,-0.131483,3.83,29.1,554
1220,25/5/2018,15:13:58,51.527081,-0.13151,4.7,29.1,554
1221,25/5/2018,15:13:58,51.527081,-0.13151,4.7,29.1,554
1222,25/5/2018,15:13:59,51.527084,-0.131536,5.76,29.1,554
1223,25/5/2018,15:13:59,51.527084,-0.131536,5.76,29.2,554
1224,25/5/2018,15:14:00,51.52705,-0.131563,7.52,29.2,555
1225,25/5/2018,15:14:00,51.52705,-0.131563,7.52,29.2,555
1226,25/5/2018,15:14:01,51.52705,-0.131587,7.02,29.2,555
1227,25/5/2018,15:14:01,51.52705,-0.131587,7.02,29.2,554
1228,25/5/2018,15:14:02,51.527065,-0.131606,7.46,29.2,555
1229,25/5/2018,15:14:03,51.527081,-0.131637,6.52,29.2,556
1230,25/5/2018,15:14:03,51.527081,-0.131637,6.52,29.3,556
1231,25/5/2018,15:14:04,51.527092,-0.13166,5.8,29.3,554
1232,25/5/2018,15:14:05,51.527096,-0.131686,5.57,29.3,555
1233,25/5/2018,15:14:06,51.527115,-0.13171,5.5,29.3,556
1234,25/5/2018,15:14:07,51.527119,-0.131737,5.89,29.3,555
1235,25/5/2018,15:14:08,51.527138,-0.131754,4.09,29.3,555
1236,25/5/2018,15:14:08,51.527138,-0.131754,4.09,29.4,554
1237,25/5/2018,15:14:09,51.527119,-0.131779,5.7,29.4,554
1238,25/5/2018,15:14:09,51.527119,-0.131779,5.7,29.4,554
1239,25/5/2018,15:14:10,51.5271,-0.1318,6.5,29.4,552
1240,25/5/2018,15:14:11,51.527103,-0.131819,5.67,29.4,553
1241,25/5/2018,15:14:12,51.527103,-0.131836,4.78,29.4,553
1242,25/5/2018,15:14:13,51.527122,-0.131839,2.67,29.4,553
1243,25/5/2018,15:14:14,51.527119,-0.131848,2.78,29.4,554
1244,25/5/2018,15:14:14,51.527119,-0.131848,2.78,29,554
1245,25/5/2018,15:14:15,51.527115,-0.131865,3.09,29,552
1246,25/5/2018,15:14:15,51.527115,-0.131865,3.09,29.1,552
1247,25/5/2018,15:14:16,51.527092,-0.13188,5.17,29.1,551
1248,25/5/2018,15:14:16,51.527092,-0.13188,5.17,29,553
1249,25/5/2018,15:14:17,51.527073,-0.131897,6.07,29,554
1250,25/5/2018,15:14:17,51.527073,-0.131897,6.07,28.9,554
1251,25/5/2018,15:14:18,51.527065,-0.131918,5.44,28.9,553
1252,25/5/2018,15:14:19,51.52705,-0.131938,6.17,28.9,555
1253,25/5/2018,15:14:20,51.527039,-0.131951,5.87,28.9,552
1254,25/5/2018,15:14:21,51.527004,-0.13196,5.91,28.9,553
1255,25/5/2018,15:14:22,51.526951,-0.131972,4.59,28.9,554
1256,25/5/2018,15:14:23,51.526917,-0.131984,3.67,28.9,554
1257,25/5/2018,15:14:23,51.526917,-0.131984,3.67,28.4,552
1258,25/5/2018,15:14:24,51.526875,-0.131991,3.09,28.4,552
1259,25/5/2018,15:14:24,51.526875,-0.131991,3.09,28.4,552
1260,25/5/2018,15:14:25,51.526855,-0.132009,2.85,28.4,552
1261,25/5/2018,15:14:26,51.526833,-0.132025,3.26,28.4,554
1262,25/5/2018,15:14:27,51.526817,-0.132039,3.33,28.4,551
1263,25/5/2018,15:14:28,51.526802,-0.132052,3.07,28.4,552
1264,25/5/2018,15:14:29,51.526787,-0.132067,3.04,28.4,550
1265,25/5/2018,15:14:30,51.526772,-0.132082,3.3,28.4,552
1266,25/5/2018,15:14:30,51.526772,-0.132082,3.3,27.4,552
1267,25/5/2018,15:14:31,51.526764,-0.132095,3.39,27.4,551
1268,25/5/2018,15:14:31,51.526764,-0.132095,3.39,27,551
1269,25/5/2018,15:14:32,51.526756,-0.13211,3.04,27,550
1270,25/5/2018,15:14:33,51.526745,-0.132125,3.59,27,545
1271,25/5/2018,15:14:34,51.526737,-0.132138,3.91,27,550
1272,25/5/2018,15:14:34,51.526737,-0.132138,3.91,26.7,551
1273,25/5/2018,15:14:35,51.526726,-0.132151,4.13,26.7,549
1274,25/5/2018,15:14:35,51.526726,-0.132151,4.13,26.6,550
1275,25/5/2018,15:14:36,51.526714,-0.132165,4.48,26.6,550
1276,25/5/2018,15:14:36,51.526714,-0.132165,4.48,26.5,550
1277,25/5/2018,15:14:37,51.526707,-0.132176,4.11,26.5,549
1278,25/5/2018,15:14:37,51.526707,-0.132176,4.11,26.1,550
1279,25/5/2018,15:14:38,51.526703,-0.132182,2.57,26.1,549
1280,25/5/2018,15:14:39,51.526699,-0.132193,2.98,26.1,550
1281,25/5/2018,15:14:40,51.526695,-0.132204,3,26.1,550
1282,25/5/2018,15:14:40,51.526695,-0.132204,3,24.8,551
1283,25/5/2018,15:14:41,51.526688,-0.132219,3.5,24.8,549
1284,25/5/2018,15:14:42,51.526672,-0.132239,4.07,24.8,549
1285,25/5/2018,15:14:43,51.526661,-0.132261,4.54,24.8,549
1286,25/5/2018,15:14:44,51.526661,-0.132278,3.85,24.8,549
1287,25/5/2018,15:14:45,51.526661,-0.132296,3.43,24.8,550
1288,25/5/2018,15:14:46,51.526649,-0.132316,3.69,24.8,550
1289,25/5/2018,15:14:47,51.526646,-0.13233,3.04,24.8,550
1290,25/5/2018,15:14:48,51.526646,-0.132344,2.83,24.8,549
1291,25/5/2018,15:14:48,51.526646,-0.132344,2.83,27,550
1292,25/5/2018,15:14:49,51.526646,-0.132359,2.85,27,547
1293,25/5/2018,15:14:49,51.526646,-0.132359,2.85,26.9,549
1294,25/5/2018,15:14:50,51.526646,-0.132372,2.78,26.9,547
1295,25/5/2018,15:14:50,51.526646,-0.132372,2.78,26.8,549
1296,25/5/2018,15:14:51,51.526634,-0.132396,4.13,26.8,548
1297,25/5/2018,15:14:51,51.526634,-0.132396,4.13,26.9,550
1298,25/5/2018,15:14:52,51.526615,-0.13241,4.19,26.9,549
1299,25/5/2018,15:14:52,51.526615,-0.13241,4.19,26.9,550
1300,25/5/2018,15:14:53,51.526611,-0.132428,4.56,26.9,549
1301,25/5/2018,15:14:54,51.526604,-0.132443,4.56,26.9,549
1302,25/5/2018,15:14:54,51.526604,-0.132443,4.56,97,549
1303,25/5/2018,15:14:55,51.526592,-0.132459,4.57,97,547
1304,25/5/2018,15:14:55,51.526592,-0.132459,4.57,27,548
1305,25/5/2018,15:14:56,51.526581,-0.132473,4.48,27,549
1306,25/5/2018,15:14:56,51.526581,-0.132473,4.48,27,550
1307,25/5/2018,15:14:57,51.526569,-0.132481,3.61,27,549
1308,25/5/2018,15:14:57,51.526569,-0.132481,3.61,27,548
1309,25/5/2018,15:14:58,51.526566,-0.132492,2.87,27,548
1310,25/5/2018,15:14:59,51.526558,-0.132503,2.56,27,548
1311,25/5/2018,15:15:00,51.526546,-0.132515,3.33,27,550
1312,25/5/2018,15:15:01,51.526562,-0.132527,2.74,27,550
1313,25/5/2018,15:15:02,51.526543,-0.132547,4.67,27,550
1314,25/5/2018,15:15:03,51.526554,-0.132562,4.32,27,550
1315,25/5/2018,15:15:04,51.526543,-0.132574,4.24,27,549
1316,25/5/2018,15:15:05,51.526546,-0.132584,3.93,27,550
1317,25/5/2018,15:15:05,51.526546,-0.132584,3.93,27.2,550
1318,25/5/2018,15:15:06,51.526546,-0.132602,4.2,27.2,549
1319,25/5/2018,15:15:06,51.526546,-0.132602,4.2,27.2,548
1320,25/5/2018,15:15:07,51.526539,-0.132618,4.43,27.2,547
1321,25/5/2018,15:15:07,51.526539,-0.132618,4.43,27.2,547
1322,25/5/2018,15:15:08,51.526554,-0.132631,4.04,27.2,547
1323,25/5/2018,15:15:08,51.526554,-0.132631,4.04,27.2,548
1324,25/5/2018,15:15:09,51.526543,-0.132651,4.3,27.2,548
1325,25/5/2018,15:15:10,51.52655,-0.132667,3.32,27.2,549
1326,25/5/2018,15:15:10,51.52655,-0.132667,3.32,27.2,549
1327,25/5/2018,15:15:11,51.526546,-0.132681,3.57,27.2,546
1328,25/5/2018,15:15:11,51.526546,-0.132681,3.57,27.2,546
1329,25/5/2018,15:15:12,51.526539,-0.132696,4.54,27.2,545
1330,25/5/2018,15:15:12,51.526539,-0.132696,4.54,27.2,547
1331,25/5/2018,15:15:15,51.52655,-0.132753,4.35,27.2,550
1332,25/5/2018,15:15:15,51.52655,-0.132753,4.35,27.2,550
1333,25/5/2018,15:15:16,51.526527,-0.132764,4.67,27.2,547
1334,25/5/2018,15:15:16,51.526527,-0.132764,4.67,27.2,548
1335,25/5/2018,15:15:17,51.526543,-0.132791,5.63,27.2,546
1336,25/5/2018,15:15:18,51.526527,-0.132809,5.69,27.2,549
1337,25/5/2018,15:15:18,51.526527,-0.132809,5.69,27.2,549
1338,25/5/2018,15:15:19,51.526527,-0.132819,4.69,27.2,547
1339,25/5/2018,15:15:19,51.526527,-0.132819,4.69,27.2,547
1340,25/5/2018,15:15:20,51.526489,-0.132834,6.83,27.2,547
1341,25/5/2018,15:15:21,51.526485,-0.132846,6,27.2,548
1342,25/5/2018,15:15:21,51.526485,-0.132846,6,27.2,550
1343,25/5/2018,15:15:23,51.526554,-0.132896,4.7,27.2,550
1344,25/5/2018,15:15:24,51.526546,-0.132906,4.54,27.2,549
1345,25/5/2018,15:15:25,51.526539,-0.132918,4.48,27.2,549
1346,25/5/2018,15:15:29,51.526676,-0.133017,3.72,27.2,551
1347,25/5/2018,15:15:30,51.526672,-0.133028,3.39,27.2,551
1348,25/5/2018,15:15:31,51.526695,-0.133047,3.24,27.2,550
1349,25/5/2018,15:15:32,51.526737,-0.133079,3.57,27.2,547
1350,25/5/2018,15:15:33,51.526714,-0.1331,4.72,27.2,548
1351,25/5/2018,15:15:33,51.526714,-0.1331,4.72,27.3,549
1352,25/5/2018,15:15:34,51.526695,-0.133113,4.82,27.3,549
1353,25/5/2018,15:15:34,51.526695,-0.133113,4.82,27.3,549
1354,25/5/2018,15:15:35,51.526703,-0.133117,2.74,27.3,549
1355,25/5/2018,15:15:36,51.52668,-0.133129,3.15,27.3,548
1356,25/5/2018,15:15:37,51.526665,-0.133144,3.74,27.3,548
1357,25/5/2018,15:15:38,51.526642,-0.133165,5.07,27.3,548
1358,25/5/2018,15:15:39,51.52663,-0.13318,4.93,27.3,548
1359,25/5/2018,15:15:40,51.526642,-0.133204,3.76,27.3,547
1360,25/5/2018,15:15:41,51.526623,-0.133223,2.63,27.3,548
1361,25/5/2018,15:15:42,51.526592,-0.133252,3.07,27.3,548
1362,25/5/2018,15:15:43,51.526577,-0.133261,2.89,27.3,549
1363,25/5/2018,15:15:44,51.526569,-0.133268,2.56,27.3,549
1364,25/5/2018,15:15:45,51.526577,-0.133288,2.61,27.3,549
1365,25/5/2018,15:15:46,51.526566,-0.133324,4.5,27.3,549
1366,25/5/2018,15:15:47,51.526581,-0.133341,4,27.3,550
1367,25/5/2018,15:15:48,51.526581,-0.133358,3.19,27.3,551
1368,25/5/2018,15:15:48,51.526581,-0.133358,3.19,27.3,550
1369,25/5/2018,15:15:49,51.526588,-0.133381,2.54,27.3,548
1370,25/5/2018,15:15:49,51.526588,-0.133381,2.54,27.3,549
1371,25/5/2018,15:15:50,51.526566,-0.133395,1.48,27.3,547
1372,25/5/2018,15:15:50,51.526566,-0.133395,1.48,26.8,549
1373,25/5/2018,15:15:51,51.526562,-0.133408,1.83,26.8,548
1374,25/5/2018,15:15:51,51.526562,-0.133408,1.83,26.7,549
1375,25/5/2018,15:15:52,51.526516,-0.133447,0.5,26.7,548
1376,25/5/2018,15:15:52,51.526516,-0.133447,0.5,26.7,550
1377,25/5/2018,15:15:53,51.526493,-0.133476,1.19,26.7,549
1378,25/5/2018,15:15:53,51.526493,-0.133476,1.19,26.4,548
1379,25/5/2018,15:15:54,51.52644,-0.133477,0.83,26.4,548
1380,25/5/2018,15:15:55,51.526413,-0.133478,1.57,26.4,549
1381,25/5/2018,15:15:55,51.526413,-0.133478,1.57,26.2,550
1382,25/5/2018,15:15:56,51.526382,-0.133478,2.37,26.2,548
1383,25/5/2018,15:15:56,51.526382,-0.133478,2.37,26.1,549
1384,25/5/2018,15:15:57,51.526356,-0.133474,1.69,26.1,548
1385,25/5/2018,15:15:57,51.526356,-0.133474,1.69,25.9,549
1386,25/5/2018,15:15:58,51.526329,-0.133476,2.78,25.9,547
1387,25/5/2018,15:15:59,51.526302,-0.133476,3.56,25.9,548
1388,25/5/2018,15:15:59,51.526302,-0.133476,3.56,25.7,549
1389,25/5/2018,15:16:00,51.526283,-0.133472,3.76,25.7,548
1390,25/5/2018,15:16:01,51.526268,-0.13347,2.35,25.7,548
1391,25/5/2018,15:16:01,51.526268,-0.13347,2.35,25.7,549
1392,25/5/2018,15:16:02,51.526253,-0.133456,2.67,25.7,547
1393,25/5/2018,15:16:03,51.526234,-0.133456,3.28,25.7,548
1394,25/5/2018,15:16:04,51.526207,-0.133449,5.19,25.7,548
1395,25/5/2018,15:16:05,51.526199,-0.133434,3.33,25.7,549
1396,25/5/2018,15:16:06,51.526192,-0.133427,2.78,25.7,550
1397,25/5/2018,15:16:07,51.52618,-0.13342,3.28,25.7,548
1398,25/5/2018,15:16:07,51.52618,-0.13342,3.28,69,550
1399,25/5/2018,15:16:08,51.526173,-0.133408,3.24,69,546
1400,25/5/2018,15:16:08,51.526173,-0.133408,3.24,26.3,548
1401,25/5/2018,15:16:09,51.52615,-0.133406,4.04,26.3,548
1402,25/5/2018,15:16:10,51.526134,-0.133406,3.85,26.3,549
1403,25/5/2018,15:16:10,51.526134,-0.133406,3.85,26.9,550
1404,25/5/2018,15:16:11,51.526108,-0.133406,5.04,26.9,548
1405,25/5/2018,15:16:11,51.526108,-0.133406,5.04,27.2,549
1406,25/5/2018,15:16:12,51.5261,-0.133402,4.59,27.2,547
1407,25/5/2018,15:16:12,51.5261,-0.133402,4.59,27.1,548
1408,25/5/2018,15:16:13,51.526077,-0.133401,6.28,27.1,548
1409,25/5/2018,15:16:13,51.526077,-0.133401,6.28,27.2,549
1410,25/5/2018,15:16:14,51.526058,-0.133396,5.7,27.2,548
1411,25/5/2018,15:16:15,51.526039,-0.133396,5.3,27.2,549
1412,25/5/2018,15:16:15,51.526039,-0.133396,5.3,27.7,548
1413,25/5/2018,15:16:16,51.52602,-0.133395,4.07,27.7,548
1414,25/5/2018,15:16:16,51.52602,-0.133395,4.07,28,548
1415,25/5/2018,15:16:17,51.526009,-0.133384,5.32,28,547
1416,25/5/2018,15:16:18,51.52599,-0.133382,5.57,28,549
1417,25/5/2018,15:16:19,51.525974,-0.133376,5.39,28,549
1418,25/5/2018,15:16:20,51.525967,-0.133367,4.69,28,548
1419,25/5/2018,15:16:21,51.525948,-0.133368,5.52,28,548
1420,25/5/2018,15:16:21,51.525948,-0.133368,5.52,28.9,548
1421,25/5/2018,15:16:22,51.525936,-0.133368,5.59,28.9,548
1422,25/5/2018,15:16:22,51.525936,-0.133368,5.59,29,548
1423,25/5/2018,15:16:23,51.525921,-0.133371,5.06,29,548
1424,25/5/2018,15:16:24,51.525909,-0.13337,5.37,29,547
1425,25/5/2018,15:16:25,51.525887,-0.133375,7.04,29,547
1426,25/5/2018,15:16:26,51.525879,-0.133364,5.54,29,548
1427,25/5/2018,15:16:27,51.525898,-0.13332,1.63,29,549
1428,25/5/2018,15:16:27,51.525898,-0.13332,1.63,31.8,549
1429,25/5/2018,15:16:28,51.525887,-0.133314,4.87,31.8,547
1430,25/5/2018,15:16:28,51.525887,-0.133314,4.87,32.1,548
1431,25/5/2018,15:16:29,51.525879,-0.133302,5.33,32.1,547
1432,25/5/2018,15:16:29,51.525879,-0.133302,5.33,32.3,548
1433,25/5/2018,15:16:30,51.525871,-0.133288,5.37,32.3,549
1434,25/5/2018,15:16:30,51.525871,-0.133288,5.37,32.5,549
1435,25/5/2018,15:16:31,51.525867,-0.133261,5.37,32.5,550
1436,25/5/2018,15:16:31,51.525867,-0.133261,5.37,34.3,550
1437,25/5/2018,15:16:32,51.52586,-0.133242,6.2,34.3,549
1438,25/5/2018,15:16:32,51.52586,-0.133242,6.2,36.4,549
1439,25/5/2018,15:16:33,51.525848,-0.133217,6.5,36.4,548
1440,25/5/2018,15:16:34,51.525837,-0.13321,6.67,36.4,549
1441,25/5/2018,15:16:35,51.525837,-0.133199,4.3,36.4,549
1442,25/5/2018,15:16:36,51.525826,-0.133197,4.17,36.4,549
1443,25/5/2018,15:16:36,51.525826,-0.133197,4.17,39.4,548
1444,25/5/2018,15:16:37,51.525814,-0.133194,4.19,39.4,547
1445,25/5/2018,15:16:38,51.525814,-0.133176,4.09,39.4,548
1446,25/5/2018,15:16:38,51.525814,-0.133176,4.09,40.3,548
1447,25/5/2018,15:16:39,51.525803,-0.133169,3.91,40.3,547
1448,25/5/2018,15:16:40,51.525791,-0.133167,4.43,40.3,548
1449,25/5/2018,15:16:41,51.525784,-0.133156,3.93,40.3,546
1450,25/5/2018,15:16:41,51.525784,-0.133156,3.93,42.4,547
1451,25/5/2018,15:16:42,51.525768,-0.133153,3.93,42.4,544
1452,25/5/2018,15:16:43,51.525764,-0.133148,3.59,42.4,546
1453,25/5/2018,15:16:44,51.525757,-0.133139,3.8,42.4,547
1454,25/5/2018,15:16:44,51.525757,-0.133139,3.8,43.6,548
1455,25/5/2018,15:16:45,51.525749,-0.133135,3.28,43.6,545
1456,25/5/2018,15:16:45,51.525749,-0.133135,3.28,44.1,546
1457,25/5/2018,15:16:46,51.525738,-0.133127,4.35,44.1,544
1458,25/5/2018,15:16:47,51.525726,-0.133119,4.44,44.1,547
1459,25/5/2018,15:16:48,51.525715,-0.133109,4.09,44.1,547
1460,25/5/2018,15:16:49,51.5257,-0.133108,3.89,44.1,548
1461,25/5/2018,15:16:49,51.5257,-0.133108,3.89,46.4,547
1462,25/5/2018,15:16:50,51.525692,-0.133103,3.74,46.4,546
1463,25/5/2018,15:16:51,51.525681,-0.133099,3.59,46.4,547
1464,25/5/2018,15:16:51,51.525681,-0.133099,3.59,47.1,547
1465,25/5/2018,15:16:52,51.525665,-0.133093,4.37,47.1,546
1466,25/5/2018,15:16:52,51.525665,-0.133093,4.37,30,546
1467,25/5/2018,15:16:53,51.525654,-0.133085,3.94,30,544
1468,25/5/2018,15:16:54,51.525642,-0.133077,3.74,30,546
1469,25/5/2018,15:16:55,51.525631,-0.133074,3.8,30,547
1470,25/5/2018,15:16:55,51.525631,-0.133074,3.8,48.4,547
1471,25/5/2018,15:16:56,51.52562,-0.133063,4.09,48.4,544
1472,25/5/2018,15:16:57,51.525612,-0.133058,3.63,48.4,545
1473,25/5/2018,15:16:57,51.525612,-0.133058,3.63,49.1,546
1474,25/5/2018,15:16:58,51.525604,-0.133059,3.26,49.1,542
1475,25/5/2018,15:16:59,51.525604,-0.133053,2.46,49.1,542
1476,25/5/2018,15:17:00,51.525604,-0.133053,1.7,49.1,542
